model,attack_id,flight_id,attack_type,t_attack,t_first_window,delay,detected
cnn,0,2,takeover_ramp,95.8006784666841,1.37,0.0,True
cnn,1,2,takeover_ramp,95.8006784666841,1.57,0.0,True
cnn,2,2,takeover_ramp,95.8006784666841,5.38,0.0,True
cnn,3,2,takeover_ramp,95.8006784666841,9.24,0.0,True
cnn,4,2,takeover_ramp,95.8006784666841,10.290000000000001,0.0,True
cnn,5,2,takeover_ramp,95.8006784666841,16.31,0.0,True
cnn,6,2,takeover_ramp,95.8006784666841,17.23,0.0,True
cnn,7,2,takeover_ramp,95.8006784666841,21.55,0.0,True
cnn,8,2,takeover_ramp,95.8006784666841,24.44,0.0,True
cnn,9,2,takeover_ramp,95.8006784666841,25.87,0.0,True
cnn,10,2,takeover_ramp,95.8006784666841,29.87,0.0,True
cnn,11,2,takeover_ramp,95.8006784666841,30.68,0.0,True
cnn,12,2,takeover_ramp,95.8006784666841,39.01,0.0,True
cnn,13,2,takeover_ramp,95.8006784666841,43.86,0.0,True
cnn,14,2,takeover_ramp,95.8006784666841,53.88,0.0,True
cnn,15,2,takeover_ramp,95.8006784666841,59.46,0.0,True
cnn,16,2,takeover_ramp,95.8006784666841,61.34,0.0,True
cnn,17,2,takeover_ramp,95.8006784666841,63.84,0.0,True
cnn,18,2,takeover_ramp,95.8006784666841,68.59,0.0,True
cnn,19,76,step,165.52877740850676,4.53,0.0,True
cnn,20,76,step,165.52877740850676,5.92,0.0,True
cnn,21,76,step,165.52877740850676,15.71,0.0,True
cnn,22,76,step,165.52877740850676,33.84,0.0,True
cnn,23,76,step,165.52877740850676,49.26,0.0,True
cnn,24,76,step,165.52877740850676,50.730000000000004,0.0,True
cnn,25,76,step,165.52877740850676,61.6,0.0,True
cnn,26,76,step,165.52877740850676,64.29,0.0,True
cnn,27,76,step,165.52877740850676,65.18,0.0,True
cnn,28,76,step,165.52877740850676,65.73,0.0,True
cnn,29,76,step,165.52877740850676,66.53,0.0,True
cnn,30,77,takeover_ramp,87.63696498999546,29.6,0.0,True
cnn,31,77,takeover_ramp,87.63696498999546,69.42,0.0,True
cnn,32,95,step,58.56240426323088,5.24,0.0,True
cnn,33,95,step,58.56240426323088,6.1000000000000005,0.0,True
cnn,34,95,step,58.56240426323088,7.07,0.0,True
cnn,35,95,step,58.56240426323088,16.43,0.0,True
cnn,36,95,step,58.56240426323088,25.14,0.0,True
cnn,37,95,step,58.56240426323088,35.410000000000004,0.0,True
cnn,38,95,step,58.56240426323088,35.69,0.0,True
cnn,39,95,step,58.56240426323088,39.52,0.0,True
cnn,40,95,step,58.56240426323088,46.03,0.0,True
cnn,41,95,step,58.56240426323088,49.480000000000004,0.0,True
cnn,42,95,step,58.56240426323088,58.71,0.1475957367691194,True
cnn,43,108,step,75.3845071838438,10.540000000000001,0.0,True
cnn,44,108,step,75.3845071838438,50.63,0.0,True
cnn,45,108,step,75.3845071838438,56.64,0.0,True
cnn,46,108,step,75.3845071838438,57.34,0.0,True
cnn,47,108,step,75.3845071838438,62.5,0.0,True
cnn,48,108,step,75.3845071838438,70.18,0.0,True
cnn,49,110,step,84.5364701054331,0.83,0.0,True
cnn,50,110,step,84.5364701054331,6.8100000000000005,0.0,True
cnn,51,110,step,84.5364701054331,10.85,0.0,True
cnn,52,110,step,84.5364701054331,18.26,0.0,True
cnn,53,110,step,84.5364701054331,25.71,0.0,True
cnn,54,110,step,84.5364701054331,28.36,0.0,True
cnn,55,110,step,84.5364701054331,32.980000000000004,0.0,True
cnn,56,110,step,84.5364701054331,34.38,0.0,True
cnn,57,110,step,84.5364701054331,37.75,0.0,True
cnn,58,110,step,84.5364701054331,43.64,0.0,True
cnn,59,110,step,84.5364701054331,61.76,0.0,True
cnn,60,110,step,84.5364701054331,62.81,0.0,True
cnn,61,112,takeover_ramp,123.96392069259976,0.38,0.0,True
cnn,62,112,takeover_ramp,123.96392069259976,32.62,0.0,True
cnn,63,112,takeover_ramp,123.96392069259976,34.2,0.0,True
cnn,64,112,takeover_ramp,123.96392069259976,64.13,0.0,True
cnn,65,114,drift_ramp,23.262408845252608,4.91,0.0,True
cnn,66,114,drift_ramp,23.262408845252608,8.41,0.0,True
cnn,67,114,drift_ramp,23.262408845252608,11.98,0.0,True
cnn,68,114,drift_ramp,23.262408845252608,34.07,10.807591154747392,True
cnn,69,114,drift_ramp,23.262408845252608,37.76,14.49759115474739,True
cnn,70,114,drift_ramp,23.262408845252608,39.480000000000004,16.217591154747396,True
cnn,71,114,drift_ramp,23.262408845252608,43.0,19.737591154747392,True
cnn,72,114,drift_ramp,23.262408845252608,46.04,22.77759115474739,True
cnn,73,114,drift_ramp,23.262408845252608,50.07,26.807591154747392,True
cnn,74,114,drift_ramp,23.262408845252608,54.89,31.627591154747392,True
cnn,75,114,drift_ramp,23.262408845252608,55.88,32.617591154747394,True
cnn,76,114,drift_ramp,23.262408845252608,63.04,39.77759115474739,True
cnn,77,114,drift_ramp,23.262408845252608,67.03,43.76759115474739,True
cnn,78,117,delay,62.23656649358486,2.45,0.0,True
cnn,79,117,delay,62.23656649358486,28.37,0.0,True
cnn,80,117,delay,62.23656649358486,58.160000000000004,0.0,True
cnn,81,117,delay,62.23656649358486,64.1,1.8634335064151344,True
cnn,82,117,delay,62.23656649358486,69.12,6.883433506415145,True
cnn,83,123,delay,158.26730028372296,16.830000000000002,0.0,True
cnn,84,123,delay,158.26730028372296,61.93,,False
cnn,85,131,drift_ramp,182.0752846677721,19.580000000000002,0.0,True
cnn,86,131,drift_ramp,182.0752846677721,22.52,0.0,True
cnn,87,131,drift_ramp,182.0752846677721,24.35,0.0,True
cnn,88,131,drift_ramp,182.0752846677721,30.78,0.0,True
cnn,89,131,drift_ramp,182.0752846677721,37.9,0.0,True
cnn,90,131,drift_ramp,182.0752846677721,44.49,0.0,True
cnn,91,131,drift_ramp,182.0752846677721,50.6,0.0,True
cnn,92,131,drift_ramp,182.0752846677721,57.410000000000004,0.0,True
cnn,93,131,drift_ramp,182.0752846677721,65.4,0.0,True
cnn,94,162,takeover_step,14.91515823592874,2.85,0.0,True
cnn,95,162,takeover_step,14.91515823592874,7.22,0.0,True
cnn,96,162,takeover_step,14.91515823592874,12.5,0.0,True
cnn,97,162,takeover_step,14.91515823592874,21.36,6.44484176407126,True
cnn,98,162,takeover_step,14.91515823592874,23.01,8.094841764071262,True
cnn,99,162,takeover_step,14.91515823592874,23.400000000000002,8.484841764071263,True
cnn,100,162,takeover_step,14.91515823592874,35.39,20.47484176407126,True
cnn,101,162,takeover_step,14.91515823592874,36.29,21.37484176407126,True
cnn,102,162,takeover_step,14.91515823592874,39.78,24.86484176407126,True
cnn,103,162,takeover_step,14.91515823592874,40.1,25.184841764071262,True
cnn,104,162,takeover_step,14.91515823592874,46.480000000000004,31.564841764071264,True
cnn,105,162,takeover_step,14.91515823592874,46.62,31.704841764071258,True
cnn,106,162,takeover_step,14.91515823592874,55.08,40.164841764071255,True
cnn,107,162,takeover_step,14.91515823592874,60.93,46.014841764071264,True
cnn,108,165,drift_sigmoid,147.15736833345036,0.89,0.0,True
cnn,109,165,drift_sigmoid,147.15736833345036,3.19,0.0,True
cnn,110,165,drift_sigmoid,147.15736833345036,28.98,0.0,True
cnn,111,165,drift_sigmoid,147.15736833345036,31.240000000000002,0.0,True
cnn,112,165,drift_sigmoid,147.15736833345036,39.27,0.0,True
cnn,113,165,drift_sigmoid,147.15736833345036,41.08,0.0,True
cnn,114,165,drift_sigmoid,147.15736833345036,43.300000000000004,0.0,True
cnn,115,165,drift_sigmoid,147.15736833345036,60.4,0.0,True
cnn,116,169,takeover_ramp,97.420297603735,2.66,0.0,True
cnn,117,169,takeover_ramp,97.420297603735,10.97,0.0,True
cnn,118,169,takeover_ramp,97.420297603735,25.2,0.0,True
cnn,119,179,takeover_step,122.10788111664908,3.5500000000000003,0.0,True
cnn,120,179,takeover_step,122.10788111664908,22.900000000000002,0.0,True
cnn,121,179,takeover_step,122.10788111664908,32.64,0.0,True
cnn,122,179,takeover_step,122.10788111664908,53.29,0.0,True
cnn,123,179,takeover_step,122.10788111664908,62.65,0.0,True
cnn,124,179,takeover_step,122.10788111664908,64.24000000000001,0.0,True
cnn,125,184,drift_ramp,75.24008074312675,11.51,0.0,True
cnn,126,184,drift_ramp,75.24008074312675,18.51,0.0,True
cnn,127,184,drift_ramp,75.24008074312675,24.61,0.0,True
cnn,128,184,drift_ramp,75.24008074312675,25.21,0.0,True
cnn,129,184,drift_ramp,75.24008074312675,25.59,0.0,True
cnn,130,184,drift_ramp,75.24008074312675,30.46,0.0,True
cnn,131,184,drift_ramp,75.24008074312675,41.85,0.0,True
cnn,132,184,drift_ramp,75.24008074312675,49.75,0.0,True
cnn,133,184,drift_ramp,75.24008074312675,61.870000000000005,0.0,True
cnn,134,192,drift_sigmoid,79.2016227542393,8.91,,False
cnn,135,192,drift_sigmoid,79.2016227542393,32.84,0.0,True
cnn,136,192,drift_sigmoid,79.2016227542393,33.09,0.0,True
cnn,137,192,drift_sigmoid,79.2016227542393,39.410000000000004,0.0,True
cnn,138,192,drift_sigmoid,79.2016227542393,39.730000000000004,0.0,True
cnn,139,193,takeover_ramp,40.23553773066088,4.2,0.0,True
cnn,140,193,takeover_ramp,40.23553773066088,4.73,0.0,True
cnn,141,193,takeover_ramp,40.23553773066088,9.33,0.0,True
cnn,142,193,takeover_ramp,40.23553773066088,13.34,0.0,True
cnn,143,193,takeover_ramp,40.23553773066088,15.66,0.0,True
cnn,144,193,takeover_ramp,40.23553773066088,24.04,0.0,True
cnn,145,193,takeover_ramp,40.23553773066088,24.490000000000002,0.0,True
cnn,146,193,takeover_ramp,40.23553773066088,34.37,0.0,True
cnn,147,193,takeover_ramp,40.23553773066088,43.75,3.51446226933912,True
cnn,148,193,takeover_ramp,40.23553773066088,44.99,4.754462269339122,True
cnn,149,193,takeover_ramp,40.23553773066088,49.730000000000004,9.494462269339124,True
cnn,150,193,takeover_ramp,40.23553773066088,56.65,16.41446226933912,True
cnn,151,193,takeover_ramp,40.23553773066088,59.18,18.94446226933912,True
cnn,152,193,takeover_ramp,40.23553773066088,64.83,24.594462269339118,True
cnn,153,197,drift_sigmoid,115.19058430867968,27.88,0.0,True
cnn,154,212,drift_sigmoid,79.90523467535208,0.51,0.0,True
cnn,155,212,drift_sigmoid,79.90523467535208,4.13,0.0,True
cnn,156,212,drift_sigmoid,79.90523467535208,14.13,0.0,True
cnn,157,212,drift_sigmoid,79.90523467535208,14.31,0.0,True
cnn,158,212,drift_sigmoid,79.90523467535208,30.34,0.0,True
cnn,159,212,drift_sigmoid,79.90523467535208,38.88,0.0,True
cnn,160,221,takeover_step,10.536360647437668,2.14,0.0,True
cnn,161,221,takeover_step,10.536360647437668,12.09,1.5536393525623318,True
cnn,162,221,takeover_step,10.536360647437668,14.040000000000001,3.503639352562333,True
cnn,163,221,takeover_step,10.536360647437668,28.0,17.463639352562332,True
cnn,164,221,takeover_step,10.536360647437668,41.49,30.953639352562334,True
cnn,165,221,takeover_step,10.536360647437668,50.2,39.663639352562335,True
cnn,166,221,takeover_step,10.536360647437668,55.56,45.023639352562334,True
cnn,167,221,takeover_step,10.536360647437668,62.980000000000004,52.443639352562336,True
cnn,168,221,takeover_step,10.536360647437668,67.55,57.01363935256233,True
cnn,169,224,takeover_step,93.79210260555344,6.59,0.0,True
cnn,170,224,takeover_step,93.79210260555344,7.91,0.0,True
cnn,171,224,takeover_step,93.79210260555344,9.72,0.0,True
cnn,172,224,takeover_step,93.79210260555344,18.71,0.0,True
cnn,173,224,takeover_step,93.79210260555344,26.39,0.0,True
cnn,174,224,takeover_step,93.79210260555344,32.660000000000004,0.0,True
cnn,175,224,takeover_step,93.79210260555344,41.81,0.0,True
cnn,176,224,takeover_step,93.79210260555344,48.120000000000005,0.0,True
cnn,177,224,takeover_step,93.79210260555344,55.64,0.0,True
cnn,178,224,takeover_step,93.79210260555344,59.78,0.0,True
cnn,179,224,takeover_step,93.79210260555344,63.63,0.0,True
cnn,180,224,takeover_step,93.79210260555344,66.93,0.0,True
cnn,181,233,delay,149.85146211197676,29.03,0.0,True
cnn,182,233,delay,149.85146211197676,60.0,0.0,True
cnn,183,243,step,127.99537316243467,3.85,0.0,True
cnn,184,243,step,127.99537316243467,7.69,0.0,True
cnn,185,243,step,127.99537316243467,11.32,0.0,True
cnn,186,243,step,127.99537316243467,18.41,0.0,True
cnn,187,243,step,127.99537316243467,34.58,0.0,True
cnn,188,243,step,127.99537316243467,40.78,0.0,True
cnn,189,243,step,127.99537316243467,53.59,0.0,True
cnn,190,243,step,127.99537316243467,58.0,0.0,True
cnn,191,254,drift_ramp,94.5062250126336,12.85,0.0,True
cnn,192,254,drift_ramp,94.5062250126336,31.48,0.0,True
cnn,193,254,drift_ramp,94.5062250126336,36.06,0.0,True
cnn,194,254,drift_ramp,94.5062250126336,60.84,0.0,True
cnn,195,258,drift_sigmoid,128.36090134328924,16.580000000000002,0.0,True
cnn,196,258,drift_sigmoid,128.36090134328924,51.17,0.0,True
cnn,197,264,delay,123.6817420350072,32.81,0.0,True
cnn,198,264,delay,123.6817420350072,63.95,0.0,True
cnn,199,264,delay,123.6817420350072,67.69,0.0,True
cnn,200,264,delay,123.6817420350072,68.79,0.0,True
cnn,201,276,takeover_step,113.5829416248078,27.12,0.0,True
cnn,202,279,drift_ramp,90.42971961610978,31.59,0.0,True
cnn,203,279,drift_ramp,90.42971961610978,32.39,0.0,True
cnn,204,279,drift_ramp,90.42971961610978,49.72,0.0,True
cnn,205,279,drift_ramp,90.42971961610978,58.120000000000005,0.0,True
cnn,206,279,drift_ramp,90.42971961610978,58.7,0.0,True
cnn,207,279,drift_ramp,90.42971961610978,60.59,0.0,True
cnn,208,279,drift_ramp,90.42971961610978,61.26,0.0,True
cnn,209,279,drift_ramp,90.42971961610978,64.97,0.0,True
lstm,0,2,takeover_ramp,95.8006784666841,1.37,0.0,True
lstm,1,2,takeover_ramp,95.8006784666841,1.57,0.0,True
lstm,2,2,takeover_ramp,95.8006784666841,5.38,0.0,True
lstm,3,2,takeover_ramp,95.8006784666841,9.24,0.0,True
lstm,4,2,takeover_ramp,95.8006784666841,10.290000000000001,0.0,True
lstm,5,2,takeover_ramp,95.8006784666841,16.31,0.0,True
lstm,6,2,takeover_ramp,95.8006784666841,17.23,0.0,True
lstm,7,2,takeover_ramp,95.8006784666841,21.55,0.0,True
lstm,8,2,takeover_ramp,95.8006784666841,24.44,0.0,True
lstm,9,2,takeover_ramp,95.8006784666841,25.87,0.0,True
lstm,10,2,takeover_ramp,95.8006784666841,29.87,0.0,True
lstm,11,2,takeover_ramp,95.8006784666841,30.68,0.0,True
lstm,12,2,takeover_ramp,95.8006784666841,39.01,0.0,True
lstm,13,2,takeover_ramp,95.8006784666841,43.86,0.0,True
lstm,14,2,takeover_ramp,95.8006784666841,53.88,0.0,True
lstm,15,2,takeover_ramp,95.8006784666841,59.46,0.0,True
lstm,16,2,takeover_ramp,95.8006784666841,61.34,0.0,True
lstm,17,2,takeover_ramp,95.8006784666841,63.84,0.0,True
lstm,18,2,takeover_ramp,95.8006784666841,68.59,0.0,True
lstm,19,76,step,165.52877740850676,4.53,0.0,True
lstm,20,76,step,165.52877740850676,5.92,0.0,True
lstm,21,76,step,165.52877740850676,15.71,0.0,True
lstm,22,76,step,165.52877740850676,33.84,0.0,True
lstm,23,76,step,165.52877740850676,49.26,0.0,True
lstm,24,76,step,165.52877740850676,50.730000000000004,0.0,True
lstm,25,76,step,165.52877740850676,61.6,0.0,True
lstm,26,76,step,165.52877740850676,64.29,0.0,True
lstm,27,76,step,165.52877740850676,65.18,0.0,True
lstm,28,76,step,165.52877740850676,65.73,0.0,True
lstm,29,76,step,165.52877740850676,66.53,0.0,True
lstm,30,77,takeover_ramp,87.63696498999546,29.6,0.0,True
lstm,31,77,takeover_ramp,87.63696498999546,69.42,0.0,True
lstm,32,95,step,58.56240426323088,5.24,0.0,True
lstm,33,95,step,58.56240426323088,6.1000000000000005,0.0,True
lstm,34,95,step,58.56240426323088,7.07,0.0,True
lstm,35,95,step,58.56240426323088,16.43,0.0,True
lstm,36,95,step,58.56240426323088,25.14,0.0,True
lstm,37,95,step,58.56240426323088,35.410000000000004,0.0,True
lstm,38,95,step,58.56240426323088,35.69,0.0,True
lstm,39,95,step,58.56240426323088,39.52,0.0,True
lstm,40,95,step,58.56240426323088,46.03,0.0,True
lstm,41,95,step,58.56240426323088,49.480000000000004,0.0,True
lstm,42,95,step,58.56240426323088,58.71,0.1475957367691194,True
lstm,43,108,step,75.3845071838438,10.540000000000001,0.0,True
lstm,44,108,step,75.3845071838438,50.63,0.0,True
lstm,45,108,step,75.3845071838438,56.64,0.0,True
lstm,46,108,step,75.3845071838438,57.34,0.0,True
lstm,47,108,step,75.3845071838438,62.5,0.0,True
lstm,48,108,step,75.3845071838438,70.18,0.0,True
lstm,49,110,step,84.5364701054331,0.83,0.0,True
lstm,50,110,step,84.5364701054331,6.8100000000000005,0.0,True
lstm,51,110,step,84.5364701054331,10.85,0.0,True
lstm,52,110,step,84.5364701054331,18.26,0.0,True
lstm,53,110,step,84.5364701054331,25.71,0.0,True
lstm,54,110,step,84.5364701054331,28.36,0.0,True
lstm,55,110,step,84.5364701054331,32.980000000000004,0.0,True
lstm,56,110,step,84.5364701054331,34.38,0.0,True
lstm,57,110,step,84.5364701054331,37.75,0.0,True
lstm,58,110,step,84.5364701054331,43.64,0.0,True
lstm,59,110,step,84.5364701054331,61.76,0.0,True
lstm,60,110,step,84.5364701054331,62.81,0.0,True
lstm,61,112,takeover_ramp,123.96392069259976,0.38,0.0,True
lstm,62,112,takeover_ramp,123.96392069259976,32.62,0.0,True
lstm,63,112,takeover_ramp,123.96392069259976,34.2,0.0,True
lstm,64,112,takeover_ramp,123.96392069259976,64.13,0.0,True
lstm,65,114,drift_ramp,23.262408845252608,4.91,0.0,True
lstm,66,114,drift_ramp,23.262408845252608,8.41,0.0,True
lstm,67,114,drift_ramp,23.262408845252608,11.98,0.0,True
lstm,68,114,drift_ramp,23.262408845252608,34.07,10.807591154747392,True
lstm,69,114,drift_ramp,23.262408845252608,37.76,14.49759115474739,True
lstm,70,114,drift_ramp,23.262408845252608,39.480000000000004,16.217591154747396,True
lstm,71,114,drift_ramp,23.262408845252608,43.0,19.737591154747392,True
lstm,72,114,drift_ramp,23.262408845252608,46.04,22.77759115474739,True
lstm,73,114,drift_ramp,23.262408845252608,50.07,26.807591154747392,True
lstm,74,114,drift_ramp,23.262408845252608,54.89,31.627591154747392,True
lstm,75,114,drift_ramp,23.262408845252608,55.88,32.617591154747394,True
lstm,76,114,drift_ramp,23.262408845252608,63.04,39.77759115474739,True
lstm,77,114,drift_ramp,23.262408845252608,67.03,43.76759115474739,True
lstm,78,117,delay,62.23656649358486,2.45,0.0,True
lstm,79,117,delay,62.23656649358486,28.37,0.0,True
lstm,80,117,delay,62.23656649358486,58.160000000000004,0.0,True
lstm,81,117,delay,62.23656649358486,64.1,1.8634335064151344,True
lstm,82,117,delay,62.23656649358486,69.12,6.883433506415145,True
lstm,83,123,delay,158.26730028372296,16.830000000000002,0.0,True
lstm,84,123,delay,158.26730028372296,61.93,0.0,True
lstm,85,131,drift_ramp,182.0752846677721,19.580000000000002,0.0,True
lstm,86,131,drift_ramp,182.0752846677721,22.52,0.0,True
lstm,87,131,drift_ramp,182.0752846677721,24.35,0.0,True
lstm,88,131,drift_ramp,182.0752846677721,30.78,0.0,True
lstm,89,131,drift_ramp,182.0752846677721,37.9,0.0,True
lstm,90,131,drift_ramp,182.0752846677721,44.49,0.0,True
lstm,91,131,drift_ramp,182.0752846677721,50.6,0.0,True
lstm,92,131,drift_ramp,182.0752846677721,57.410000000000004,0.0,True
lstm,93,131,drift_ramp,182.0752846677721,65.4,0.0,True
lstm,94,162,takeover_step,14.91515823592874,2.85,0.0,True
lstm,95,162,takeover_step,14.91515823592874,7.22,0.0,True
lstm,96,162,takeover_step,14.91515823592874,12.5,0.0,True
lstm,97,162,takeover_step,14.91515823592874,21.36,6.44484176407126,True
lstm,98,162,takeover_step,14.91515823592874,23.01,8.094841764071262,True
lstm,99,162,takeover_step,14.91515823592874,23.400000000000002,8.484841764071263,True
lstm,100,162,takeover_step,14.91515823592874,35.39,20.47484176407126,True
lstm,101,162,takeover_step,14.91515823592874,36.29,21.37484176407126,True
lstm,102,162,takeover_step,14.91515823592874,39.78,24.86484176407126,True
lstm,103,162,takeover_step,14.91515823592874,40.1,25.184841764071262,True
lstm,104,162,takeover_step,14.91515823592874,46.480000000000004,31.564841764071264,True
lstm,105,162,takeover_step,14.91515823592874,46.62,31.704841764071258,True
lstm,106,162,takeover_step,14.91515823592874,55.08,40.164841764071255,True
lstm,107,162,takeover_step,14.91515823592874,60.93,46.014841764071264,True
lstm,108,165,drift_sigmoid,147.15736833345036,0.89,0.0,True
lstm,109,165,drift_sigmoid,147.15736833345036,3.19,0.0,True
lstm,110,165,drift_sigmoid,147.15736833345036,28.98,0.0,True
lstm,111,165,drift_sigmoid,147.15736833345036,31.240000000000002,0.0,True
lstm,112,165,drift_sigmoid,147.15736833345036,39.27,0.0,True
lstm,113,165,drift_sigmoid,147.15736833345036,41.08,0.0,True
lstm,114,165,drift_sigmoid,147.15736833345036,43.300000000000004,0.0,True
lstm,115,165,drift_sigmoid,147.15736833345036,60.4,0.0,True
lstm,116,169,takeover_ramp,97.420297603735,2.66,0.0,True
lstm,117,169,takeover_ramp,97.420297603735,10.97,0.0,True
lstm,118,169,takeover_ramp,97.420297603735,25.2,0.0,True
lstm,119,179,takeover_step,122.10788111664908,3.5500000000000003,0.0,True
lstm,120,179,takeover_step,122.10788111664908,22.900000000000002,0.0,True
lstm,121,179,takeover_step,122.10788111664908,32.64,0.0,True
lstm,122,179,takeover_step,122.10788111664908,53.29,0.0,True
lstm,123,179,takeover_step,122.10788111664908,62.65,0.0,True
lstm,124,179,takeover_step,122.10788111664908,64.24000000000001,0.0,True
lstm,125,184,drift_ramp,75.24008074312675,11.51,0.0,True
lstm,126,184,drift_ramp,75.24008074312675,18.51,0.0,True
lstm,127,184,drift_ramp,75.24008074312675,24.61,0.0,True
lstm,128,184,drift_ramp,75.24008074312675,25.21,0.0,True
lstm,129,184,drift_ramp,75.24008074312675,25.59,0.0,True
lstm,130,184,drift_ramp,75.24008074312675,30.46,0.0,True
lstm,131,184,drift_ramp,75.24008074312675,41.85,0.0,True
lstm,132,184,drift_ramp,75.24008074312675,49.75,0.0,True
lstm,133,184,drift_ramp,75.24008074312675,61.870000000000005,0.0,True
lstm,134,192,drift_sigmoid,79.2016227542393,8.91,,False
lstm,135,192,drift_sigmoid,79.2016227542393,32.84,0.0,True
lstm,136,192,drift_sigmoid,79.2016227542393,33.09,0.0,True
lstm,137,192,drift_sigmoid,79.2016227542393,39.410000000000004,0.0,True
lstm,138,192,drift_sigmoid,79.2016227542393,39.730000000000004,0.0,True
lstm,139,193,takeover_ramp,40.23553773066088,4.2,0.0,True
lstm,140,193,takeover_ramp,40.23553773066088,4.73,0.0,True
lstm,141,193,takeover_ramp,40.23553773066088,9.33,0.0,True
lstm,142,193,takeover_ramp,40.23553773066088,13.34,0.0,True
lstm,143,193,takeover_ramp,40.23553773066088,15.66,0.0,True
lstm,144,193,takeover_ramp,40.23553773066088,24.04,0.0,True
lstm,145,193,takeover_ramp,40.23553773066088,24.490000000000002,0.0,True
lstm,146,193,takeover_ramp,40.23553773066088,34.37,0.0,True
lstm,147,193,takeover_ramp,40.23553773066088,43.75,3.51446226933912,True
lstm,148,193,takeover_ramp,40.23553773066088,44.99,4.754462269339122,True
lstm,149,193,takeover_ramp,40.23553773066088,49.730000000000004,9.494462269339124,True
lstm,150,193,takeover_ramp,40.23553773066088,56.65,16.41446226933912,True
lstm,151,193,takeover_ramp,40.23553773066088,59.18,18.94446226933912,True
lstm,152,193,takeover_ramp,40.23553773066088,64.83,24.594462269339118,True
lstm,153,197,drift_sigmoid,115.19058430867968,27.88,0.0,True
lstm,154,212,drift_sigmoid,79.90523467535208,0.51,0.0,True
lstm,155,212,drift_sigmoid,79.90523467535208,4.13,0.0,True
lstm,156,212,drift_sigmoid,79.90523467535208,14.13,0.0,True
lstm,157,212,drift_sigmoid,79.90523467535208,14.31,0.0,True
lstm,158,212,drift_sigmoid,79.90523467535208,30.34,0.0,True
lstm,159,212,drift_sigmoid,79.90523467535208,38.88,0.0,True
lstm,160,221,takeover_step,10.536360647437668,2.14,0.0,True
lstm,161,221,takeover_step,10.536360647437668,12.09,1.5536393525623318,True
lstm,162,221,takeover_step,10.536360647437668,14.040000000000001,3.503639352562333,True
lstm,163,221,takeover_step,10.536360647437668,28.0,17.463639352562332,True
lstm,164,221,takeover_step,10.536360647437668,41.49,30.953639352562334,True
lstm,165,221,takeover_step,10.536360647437668,50.2,39.663639352562335,True
lstm,166,221,takeover_step,10.536360647437668,55.56,45.023639352562334,True
lstm,167,221,takeover_step,10.536360647437668,62.980000000000004,52.443639352562336,True
lstm,168,221,takeover_step,10.536360647437668,67.55,57.01363935256233,True
lstm,169,224,takeover_step,93.79210260555344,6.59,0.0,True
lstm,170,224,takeover_step,93.79210260555344,7.91,0.0,True
lstm,171,224,takeover_step,93.79210260555344,9.72,0.0,True
lstm,172,224,takeover_step,93.79210260555344,18.71,0.0,True
lstm,173,224,takeover_step,93.79210260555344,26.39,0.0,True
lstm,174,224,takeover_step,93.79210260555344,32.660000000000004,0.0,True
lstm,175,224,takeover_step,93.79210260555344,41.81,0.0,True
lstm,176,224,takeover_step,93.79210260555344,48.120000000000005,0.0,True
lstm,177,224,takeover_step,93.79210260555344,55.64,0.0,True
lstm,178,224,takeover_step,93.79210260555344,59.78,0.0,True
lstm,179,224,takeover_step,93.79210260555344,63.63,0.0,True
lstm,180,224,takeover_step,93.79210260555344,66.93,0.0,True
lstm,181,233,delay,149.85146211197676,29.03,0.0,True
lstm,182,233,delay,149.85146211197676,60.0,0.0,True
lstm,183,243,step,127.99537316243467,3.85,0.0,True
lstm,184,243,step,127.99537316243467,7.69,0.0,True
lstm,185,243,step,127.99537316243467,11.32,0.0,True
lstm,186,243,step,127.99537316243467,18.41,0.0,True
lstm,187,243,step,127.99537316243467,34.58,0.0,True
lstm,188,243,step,127.99537316243467,40.78,0.0,True
lstm,189,243,step,127.99537316243467,53.59,0.0,True
lstm,190,243,step,127.99537316243467,58.0,0.0,True
lstm,191,254,drift_ramp,94.5062250126336,12.85,0.0,True
lstm,192,254,drift_ramp,94.5062250126336,31.48,0.0,True
lstm,193,254,drift_ramp,94.5062250126336,36.06,0.0,True
lstm,194,254,drift_ramp,94.5062250126336,60.84,0.0,True
lstm,195,258,drift_sigmoid,128.36090134328924,16.580000000000002,0.0,True
lstm,196,258,drift_sigmoid,128.36090134328924,51.17,0.0,True
lstm,197,264,delay,123.6817420350072,32.81,0.0,True
lstm,198,264,delay,123.6817420350072,63.95,0.0,True
lstm,199,264,delay,123.6817420350072,67.69,0.0,True
lstm,200,264,delay,123.6817420350072,68.79,0.0,True
lstm,201,276,takeover_step,113.5829416248078,27.12,0.0,True
lstm,202,279,drift_ramp,90.42971961610978,31.59,0.0,True
lstm,203,279,drift_ramp,90.42971961610978,32.39,0.0,True
lstm,204,279,drift_ramp,90.42971961610978,49.72,0.0,True
lstm,205,279,drift_ramp,90.42971961610978,58.120000000000005,0.0,True
lstm,206,279,drift_ramp,90.42971961610978,58.7,0.0,True
lstm,207,279,drift_ramp,90.42971961610978,60.59,0.0,True
lstm,208,279,drift_ramp,90.42971961610978,61.26,0.0,True
lstm,209,279,drift_ramp,90.42971961610978,64.97,0.0,True
bilstm,0,2,takeover_ramp,95.8006784666841,1.37,0.0,True
bilstm,1,2,takeover_ramp,95.8006784666841,1.57,0.0,True
bilstm,2,2,takeover_ramp,95.8006784666841,5.38,0.0,True
bilstm,3,2,takeover_ramp,95.8006784666841,9.24,0.0,True
bilstm,4,2,takeover_ramp,95.8006784666841,10.290000000000001,0.0,True
bilstm,5,2,takeover_ramp,95.8006784666841,16.31,0.0,True
bilstm,6,2,takeover_ramp,95.8006784666841,17.23,0.0,True
bilstm,7,2,takeover_ramp,95.8006784666841,21.55,0.0,True
bilstm,8,2,takeover_ramp,95.8006784666841,24.44,0.0,True
bilstm,9,2,takeover_ramp,95.8006784666841,25.87,0.0,True
bilstm,10,2,takeover_ramp,95.8006784666841,29.87,0.0,True
bilstm,11,2,takeover_ramp,95.8006784666841,30.68,0.0,True
bilstm,12,2,takeover_ramp,95.8006784666841,39.01,0.0,True
bilstm,13,2,takeover_ramp,95.8006784666841,43.86,0.0,True
bilstm,14,2,takeover_ramp,95.8006784666841,53.88,0.0,True
bilstm,15,2,takeover_ramp,95.8006784666841,59.46,0.0,True
bilstm,16,2,takeover_ramp,95.8006784666841,61.34,0.0,True
bilstm,17,2,takeover_ramp,95.8006784666841,63.84,0.0,True
bilstm,18,2,takeover_ramp,95.8006784666841,68.59,0.0,True
bilstm,19,76,step,165.52877740850676,4.53,0.0,True
bilstm,20,76,step,165.52877740850676,5.92,0.0,True
bilstm,21,76,step,165.52877740850676,15.71,0.0,True
bilstm,22,76,step,165.52877740850676,33.84,0.0,True
bilstm,23,76,step,165.52877740850676,49.26,0.0,True
bilstm,24,76,step,165.52877740850676,50.730000000000004,0.0,True
bilstm,25,76,step,165.52877740850676,61.6,0.0,True
bilstm,26,76,step,165.52877740850676,64.29,0.0,True
bilstm,27,76,step,165.52877740850676,65.18,0.0,True
bilstm,28,76,step,165.52877740850676,65.73,0.0,True
bilstm,29,76,step,165.52877740850676,66.53,0.0,True
bilstm,30,77,takeover_ramp,87.63696498999546,29.6,0.0,True
bilstm,31,77,takeover_ramp,87.63696498999546,69.42,0.0,True
bilstm,32,95,step,58.56240426323088,5.24,0.0,True
bilstm,33,95,step,58.56240426323088,6.1000000000000005,0.0,True
bilstm,34,95,step,58.56240426323088,7.07,0.0,True
bilstm,35,95,step,58.56240426323088,16.43,0.0,True
bilstm,36,95,step,58.56240426323088,25.14,0.0,True
bilstm,37,95,step,58.56240426323088,35.410000000000004,0.0,True
bilstm,38,95,step,58.56240426323088,35.69,0.0,True
bilstm,39,95,step,58.56240426323088,39.52,0.0,True
bilstm,40,95,step,58.56240426323088,46.03,0.0,True
bilstm,41,95,step,58.56240426323088,49.480000000000004,0.0,True
bilstm,42,95,step,58.56240426323088,58.71,0.1475957367691194,True
bilstm,43,108,step,75.3845071838438,10.540000000000001,0.0,True
bilstm,44,108,step,75.3845071838438,50.63,0.0,True
bilstm,45,108,step,75.3845071838438,56.64,0.0,True
bilstm,46,108,step,75.3845071838438,57.34,0.0,True
bilstm,47,108,step,75.3845071838438,62.5,0.0,True
bilstm,48,108,step,75.3845071838438,70.18,0.0,True
bilstm,49,110,step,84.5364701054331,0.83,0.0,True
bilstm,50,110,step,84.5364701054331,6.8100000000000005,0.0,True
bilstm,51,110,step,84.5364701054331,10.85,0.0,True
bilstm,52,110,step,84.5364701054331,18.26,0.0,True
bilstm,53,110,step,84.5364701054331,25.71,0.0,True
bilstm,54,110,step,84.5364701054331,28.36,0.0,True
bilstm,55,110,step,84.5364701054331,32.980000000000004,0.0,True
bilstm,56,110,step,84.5364701054331,34.38,0.0,True
bilstm,57,110,step,84.5364701054331,37.75,0.0,True
bilstm,58,110,step,84.5364701054331,43.64,0.0,True
bilstm,59,110,step,84.5364701054331,61.76,0.0,True
bilstm,60,110,step,84.5364701054331,62.81,0.0,True
bilstm,61,112,takeover_ramp,123.96392069259976,0.38,0.0,True
bilstm,62,112,takeover_ramp,123.96392069259976,32.62,0.0,True
bilstm,63,112,takeover_ramp,123.96392069259976,34.2,0.0,True
bilstm,64,112,takeover_ramp,123.96392069259976,64.13,0.0,True
bilstm,65,114,drift_ramp,23.262408845252608,4.91,0.0,True
bilstm,66,114,drift_ramp,23.262408845252608,8.41,0.0,True
bilstm,67,114,drift_ramp,23.262408845252608,11.98,0.0,True
bilstm,68,114,drift_ramp,23.262408845252608,34.07,10.807591154747392,True
bilstm,69,114,drift_ramp,23.262408845252608,37.76,14.49759115474739,True
bilstm,70,114,drift_ramp,23.262408845252608,39.480000000000004,16.217591154747396,True
bilstm,71,114,drift_ramp,23.262408845252608,43.0,19.737591154747392,True
bilstm,72,114,drift_ramp,23.262408845252608,46.04,22.77759115474739,True
bilstm,73,114,drift_ramp,23.262408845252608,50.07,26.807591154747392,True
bilstm,74,114,drift_ramp,23.262408845252608,54.89,31.627591154747392,True
bilstm,75,114,drift_ramp,23.262408845252608,55.88,32.617591154747394,True
bilstm,76,114,drift_ramp,23.262408845252608,63.04,39.77759115474739,True
bilstm,77,114,drift_ramp,23.262408845252608,67.03,,False
bilstm,78,117,delay,62.23656649358486,2.45,0.0,True
bilstm,79,117,delay,62.23656649358486,28.37,0.0,True
bilstm,80,117,delay,62.23656649358486,58.160000000000004,0.0,True
bilstm,81,117,delay,62.23656649358486,64.1,1.8634335064151344,True
bilstm,82,117,delay,62.23656649358486,69.12,6.883433506415145,True
bilstm,83,123,delay,158.26730028372296,16.830000000000002,0.0,True
bilstm,84,123,delay,158.26730028372296,61.93,0.0,True
bilstm,85,131,drift_ramp,182.0752846677721,19.580000000000002,0.0,True
bilstm,86,131,drift_ramp,182.0752846677721,22.52,0.0,True
bilstm,87,131,drift_ramp,182.0752846677721,24.35,0.0,True
bilstm,88,131,drift_ramp,182.0752846677721,30.78,0.0,True
bilstm,89,131,drift_ramp,182.0752846677721,37.9,0.0,True
bilstm,90,131,drift_ramp,182.0752846677721,44.49,0.0,True
bilstm,91,131,drift_ramp,182.0752846677721,50.6,0.0,True
bilstm,92,131,drift_ramp,182.0752846677721,57.410000000000004,0.0,True
bilstm,93,131,drift_ramp,182.0752846677721,65.4,0.0,True
bilstm,94,162,takeover_step,14.91515823592874,2.85,0.0,True
bilstm,95,162,takeover_step,14.91515823592874,7.22,0.0,True
bilstm,96,162,takeover_step,14.91515823592874,12.5,0.0,True
bilstm,97,162,takeover_step,14.91515823592874,21.36,6.44484176407126,True
bilstm,98,162,takeover_step,14.91515823592874,23.01,8.094841764071262,True
bilstm,99,162,takeover_step,14.91515823592874,23.400000000000002,8.484841764071263,True
bilstm,100,162,takeover_step,14.91515823592874,35.39,20.47484176407126,True
bilstm,101,162,takeover_step,14.91515823592874,36.29,21.37484176407126,True
bilstm,102,162,takeover_step,14.91515823592874,39.78,24.86484176407126,True
bilstm,103,162,takeover_step,14.91515823592874,40.1,25.184841764071262,True
bilstm,104,162,takeover_step,14.91515823592874,46.480000000000004,31.564841764071264,True
bilstm,105,162,takeover_step,14.91515823592874,46.62,31.704841764071258,True
bilstm,106,162,takeover_step,14.91515823592874,55.08,40.164841764071255,True
bilstm,107,162,takeover_step,14.91515823592874,60.93,46.014841764071264,True
bilstm,108,165,drift_sigmoid,147.15736833345036,0.89,0.0,True
bilstm,109,165,drift_sigmoid,147.15736833345036,3.19,0.0,True
bilstm,110,165,drift_sigmoid,147.15736833345036,28.98,0.0,True
bilstm,111,165,drift_sigmoid,147.15736833345036,31.240000000000002,0.0,True
bilstm,112,165,drift_sigmoid,147.15736833345036,39.27,0.0,True
bilstm,113,165,drift_sigmoid,147.15736833345036,41.08,0.0,True
bilstm,114,165,drift_sigmoid,147.15736833345036,43.300000000000004,0.0,True
bilstm,115,165,drift_sigmoid,147.15736833345036,60.4,0.0,True
bilstm,116,169,takeover_ramp,97.420297603735,2.66,0.0,True
bilstm,117,169,takeover_ramp,97.420297603735,10.97,0.0,True
bilstm,118,169,takeover_ramp,97.420297603735,25.2,0.0,True
bilstm,119,179,takeover_step,122.10788111664908,3.5500000000000003,0.0,True
bilstm,120,179,takeover_step,122.10788111664908,22.900000000000002,0.0,True
bilstm,121,179,takeover_step,122.10788111664908,32.64,0.0,True
bilstm,122,179,takeover_step,122.10788111664908,53.29,0.0,True
bilstm,123,179,takeover_step,122.10788111664908,62.65,0.0,True
bilstm,124,179,takeover_step,122.10788111664908,64.24000000000001,0.0,True
bilstm,125,184,drift_ramp,75.24008074312675,11.51,0.0,True
bilstm,126,184,drift_ramp,75.24008074312675,18.51,0.0,True
bilstm,127,184,drift_ramp,75.24008074312675,24.61,0.0,True
bilstm,128,184,drift_ramp,75.24008074312675,25.21,0.0,True
bilstm,129,184,drift_ramp,75.24008074312675,25.59,0.0,True
bilstm,130,184,drift_ramp,75.24008074312675,30.46,0.0,True
bilstm,131,184,drift_ramp,75.24008074312675,41.85,0.0,True
bilstm,132,184,drift_ramp,75.24008074312675,49.75,0.0,True
bilstm,133,184,drift_ramp,75.24008074312675,61.870000000000005,0.0,True
bilstm,134,192,drift_sigmoid,79.2016227542393,8.91,,False
bilstm,135,192,drift_sigmoid,79.2016227542393,32.84,0.0,True
bilstm,136,192,drift_sigmoid,79.2016227542393,33.09,0.0,True
bilstm,137,192,drift_sigmoid,79.2016227542393,39.410000000000004,0.0,True
bilstm,138,192,drift_sigmoid,79.2016227542393,39.730000000000004,0.0,True
bilstm,139,193,takeover_ramp,40.23553773066088,4.2,0.0,True
bilstm,140,193,takeover_ramp,40.23553773066088,4.73,0.0,True
bilstm,141,193,takeover_ramp,40.23553773066088,9.33,0.0,True
bilstm,142,193,takeover_ramp,40.23553773066088,13.34,0.0,True
bilstm,143,193,takeover_ramp,40.23553773066088,15.66,0.0,True
bilstm,144,193,takeover_ramp,40.23553773066088,24.04,0.0,True
bilstm,145,193,takeover_ramp,40.23553773066088,24.490000000000002,0.0,True
bilstm,146,193,takeover_ramp,40.23553773066088,34.37,0.0,True
bilstm,147,193,takeover_ramp,40.23553773066088,43.75,3.51446226933912,True
bilstm,148,193,takeover_ramp,40.23553773066088,44.99,4.754462269339122,True
bilstm,149,193,takeover_ramp,40.23553773066088,49.730000000000004,9.494462269339124,True
bilstm,150,193,takeover_ramp,40.23553773066088,56.65,16.41446226933912,True
bilstm,151,193,takeover_ramp,40.23553773066088,59.18,18.94446226933912,True
bilstm,152,193,takeover_ramp,40.23553773066088,64.83,24.594462269339118,True
bilstm,153,197,drift_sigmoid,115.19058430867968,27.88,0.0,True
bilstm,154,212,drift_sigmoid,79.90523467535208,0.51,0.0,True
bilstm,155,212,drift_sigmoid,79.90523467535208,4.13,0.0,True
bilstm,156,212,drift_sigmoid,79.90523467535208,14.13,0.0,True
bilstm,157,212,drift_sigmoid,79.90523467535208,14.31,0.0,True
bilstm,158,212,drift_sigmoid,79.90523467535208,30.34,0.0,True
bilstm,159,212,drift_sigmoid,79.90523467535208,38.88,0.0,True
bilstm,160,221,takeover_step,10.536360647437668,2.14,0.0,True
bilstm,161,221,takeover_step,10.536360647437668,12.09,1.5536393525623318,True
bilstm,162,221,takeover_step,10.536360647437668,14.040000000000001,3.503639352562333,True
bilstm,163,221,takeover_step,10.536360647437668,28.0,17.463639352562332,True
bilstm,164,221,takeover_step,10.536360647437668,41.49,30.953639352562334,True
bilstm,165,221,takeover_step,10.536360647437668,50.2,39.663639352562335,True
bilstm,166,221,takeover_step,10.536360647437668,55.56,45.023639352562334,True
bilstm,167,221,takeover_step,10.536360647437668,62.980000000000004,52.443639352562336,True
bilstm,168,221,takeover_step,10.536360647437668,67.55,57.01363935256233,True
bilstm,169,224,takeover_step,93.79210260555344,6.59,0.0,True
bilstm,170,224,takeover_step,93.79210260555344,7.91,0.0,True
bilstm,171,224,takeover_step,93.79210260555344,9.72,0.0,True
bilstm,172,224,takeover_step,93.79210260555344,18.71,0.0,True
bilstm,173,224,takeover_step,93.79210260555344,26.39,0.0,True
bilstm,174,224,takeover_step,93.79210260555344,32.660000000000004,0.0,True
bilstm,175,224,takeover_step,93.79210260555344,41.81,0.0,True
bilstm,176,224,takeover_step,93.79210260555344,48.120000000000005,0.0,True
bilstm,177,224,takeover_step,93.79210260555344,55.64,0.0,True
bilstm,178,224,takeover_step,93.79210260555344,59.78,0.0,True
bilstm,179,224,takeover_step,93.79210260555344,63.63,0.0,True
bilstm,180,224,takeover_step,93.79210260555344,66.93,0.0,True
bilstm,181,233,delay,149.85146211197676,29.03,0.0,True
bilstm,182,233,delay,149.85146211197676,60.0,0.0,True
bilstm,183,243,step,127.99537316243467,3.85,0.0,True
bilstm,184,243,step,127.99537316243467,7.69,0.0,True
bilstm,185,243,step,127.99537316243467,11.32,0.0,True
bilstm,186,243,step,127.99537316243467,18.41,0.0,True
bilstm,187,243,step,127.99537316243467,34.58,0.0,True
bilstm,188,243,step,127.99537316243467,40.78,0.0,True
bilstm,189,243,step,127.99537316243467,53.59,0.0,True
bilstm,190,243,step,127.99537316243467,58.0,0.0,True
bilstm,191,254,drift_ramp,94.5062250126336,12.85,0.0,True
bilstm,192,254,drift_ramp,94.5062250126336,31.48,0.0,True
bilstm,193,254,drift_ramp,94.5062250126336,36.06,0.0,True
bilstm,194,254,drift_ramp,94.5062250126336,60.84,0.0,True
bilstm,195,258,drift_sigmoid,128.36090134328924,16.580000000000002,0.0,True
bilstm,196,258,drift_sigmoid,128.36090134328924,51.17,0.0,True
bilstm,197,264,delay,123.6817420350072,32.81,0.0,True
bilstm,198,264,delay,123.6817420350072,63.95,0.0,True
bilstm,199,264,delay,123.6817420350072,67.69,0.0,True
bilstm,200,264,delay,123.6817420350072,68.79,0.0,True
bilstm,201,276,takeover_step,113.5829416248078,27.12,0.0,True
bilstm,202,279,drift_ramp,90.42971961610978,31.59,0.0,True
bilstm,203,279,drift_ramp,90.42971961610978,32.39,0.0,True
bilstm,204,279,drift_ramp,90.42971961610978,49.72,0.0,True
bilstm,205,279,drift_ramp,90.42971961610978,58.120000000000005,0.0,True
bilstm,206,279,drift_ramp,90.42971961610978,58.7,0.0,True
bilstm,207,279,drift_ramp,90.42971961610978,60.59,0.0,True
bilstm,208,279,drift_ramp,90.42971961610978,61.26,0.0,True
bilstm,209,279,drift_ramp,90.42971961610978,64.97,0.0,True
gru,0,2,takeover_ramp,95.8006784666841,1.37,0.0,True
gru,1,2,takeover_ramp,95.8006784666841,1.57,0.0,True
gru,2,2,takeover_ramp,95.8006784666841,5.38,0.0,True
gru,3,2,takeover_ramp,95.8006784666841,9.24,0.0,True
gru,4,2,takeover_ramp,95.8006784666841,10.290000000000001,0.0,True
gru,5,2,takeover_ramp,95.8006784666841,16.31,0.0,True
gru,6,2,takeover_ramp,95.8006784666841,17.23,0.0,True
gru,7,2,takeover_ramp,95.8006784666841,21.55,0.0,True
gru,8,2,takeover_ramp,95.8006784666841,24.44,0.0,True
gru,9,2,takeover_ramp,95.8006784666841,25.87,0.0,True
gru,10,2,takeover_ramp,95.8006784666841,29.87,0.0,True
gru,11,2,takeover_ramp,95.8006784666841,30.68,0.0,True
gru,12,2,takeover_ramp,95.8006784666841,39.01,0.0,True
gru,13,2,takeover_ramp,95.8006784666841,43.86,0.0,True
gru,14,2,takeover_ramp,95.8006784666841,53.88,0.0,True
gru,15,2,takeover_ramp,95.8006784666841,59.46,0.0,True
gru,16,2,takeover_ramp,95.8006784666841,61.34,0.0,True
gru,17,2,takeover_ramp,95.8006784666841,63.84,0.0,True
gru,18,2,takeover_ramp,95.8006784666841,68.59,0.0,True
gru,19,76,step,165.52877740850676,4.53,0.0,True
gru,20,76,step,165.52877740850676,5.92,0.0,True
gru,21,76,step,165.52877740850676,15.71,0.0,True
gru,22,76,step,165.52877740850676,33.84,0.0,True
gru,23,76,step,165.52877740850676,49.26,0.0,True
gru,24,76,step,165.52877740850676,50.730000000000004,0.0,True
gru,25,76,step,165.52877740850676,61.6,0.0,True
gru,26,76,step,165.52877740850676,64.29,0.0,True
gru,27,76,step,165.52877740850676,65.18,0.0,True
gru,28,76,step,165.52877740850676,65.73,0.0,True
gru,29,76,step,165.52877740850676,66.53,0.0,True
gru,30,77,takeover_ramp,87.63696498999546,29.6,0.0,True
gru,31,77,takeover_ramp,87.63696498999546,69.42,0.0,True
gru,32,95,step,58.56240426323088,5.24,0.0,True
gru,33,95,step,58.56240426323088,6.1000000000000005,0.0,True
gru,34,95,step,58.56240426323088,7.07,0.0,True
gru,35,95,step,58.56240426323088,16.43,0.0,True
gru,36,95,step,58.56240426323088,25.14,0.0,True
gru,37,95,step,58.56240426323088,35.410000000000004,0.0,True
gru,38,95,step,58.56240426323088,35.69,0.0,True
gru,39,95,step,58.56240426323088,39.52,0.0,True
gru,40,95,step,58.56240426323088,46.03,0.0,True
gru,41,95,step,58.56240426323088,49.480000000000004,0.0,True
gru,42,95,step,58.56240426323088,58.71,0.1475957367691194,True
gru,43,108,step,75.3845071838438,10.540000000000001,0.0,True
gru,44,108,step,75.3845071838438,50.63,0.0,True
gru,45,108,step,75.3845071838438,56.64,0.0,True
gru,46,108,step,75.3845071838438,57.34,0.0,True
gru,47,108,step,75.3845071838438,62.5,0.0,True
gru,48,108,step,75.3845071838438,70.18,0.0,True
gru,49,110,step,84.5364701054331,0.83,0.0,True
gru,50,110,step,84.5364701054331,6.8100000000000005,0.0,True
gru,51,110,step,84.5364701054331,10.85,0.0,True
gru,52,110,step,84.5364701054331,18.26,0.0,True
gru,53,110,step,84.5364701054331,25.71,0.0,True
gru,54,110,step,84.5364701054331,28.36,0.0,True
gru,55,110,step,84.5364701054331,32.980000000000004,0.0,True
gru,56,110,step,84.5364701054331,34.38,0.0,True
gru,57,110,step,84.5364701054331,37.75,0.0,True
gru,58,110,step,84.5364701054331,43.64,0.0,True
gru,59,110,step,84.5364701054331,61.76,0.0,True
gru,60,110,step,84.5364701054331,62.81,0.0,True
gru,61,112,takeover_ramp,123.96392069259976,0.38,0.0,True
gru,62,112,takeover_ramp,123.96392069259976,32.62,0.0,True
gru,63,112,takeover_ramp,123.96392069259976,34.2,0.0,True
gru,64,112,takeover_ramp,123.96392069259976,64.13,0.0,True
gru,65,114,drift_ramp,23.262408845252608,4.91,0.0,True
gru,66,114,drift_ramp,23.262408845252608,8.41,0.0,True
gru,67,114,drift_ramp,23.262408845252608,11.98,0.0,True
gru,68,114,drift_ramp,23.262408845252608,34.07,10.807591154747392,True
gru,69,114,drift_ramp,23.262408845252608,37.76,14.49759115474739,True
gru,70,114,drift_ramp,23.262408845252608,39.480000000000004,16.217591154747396,True
gru,71,114,drift_ramp,23.262408845252608,43.0,19.737591154747392,True
gru,72,114,drift_ramp,23.262408845252608,46.04,22.77759115474739,True
gru,73,114,drift_ramp,23.262408845252608,50.07,26.807591154747392,True
gru,74,114,drift_ramp,23.262408845252608,54.89,31.627591154747392,True
gru,75,114,drift_ramp,23.262408845252608,55.88,32.617591154747394,True
gru,76,114,drift_ramp,23.262408845252608,63.04,39.77759115474739,True
gru,77,114,drift_ramp,23.262408845252608,67.03,43.76759115474739,True
gru,78,117,delay,62.23656649358486,2.45,0.0,True
gru,79,117,delay,62.23656649358486,28.37,0.0,True
gru,80,117,delay,62.23656649358486,58.160000000000004,,False
gru,81,117,delay,62.23656649358486,64.1,1.8634335064151344,True
gru,82,117,delay,62.23656649358486,69.12,,False
gru,83,123,delay,158.26730028372296,16.830000000000002,,False
gru,84,123,delay,158.26730028372296,61.93,,False
gru,85,131,drift_ramp,182.0752846677721,19.580000000000002,0.0,True
gru,86,131,drift_ramp,182.0752846677721,22.52,0.0,True
gru,87,131,drift_ramp,182.0752846677721,24.35,0.0,True
gru,88,131,drift_ramp,182.0752846677721,30.78,0.0,True
gru,89,131,drift_ramp,182.0752846677721,37.9,0.0,True
gru,90,131,drift_ramp,182.0752846677721,44.49,0.0,True
gru,91,131,drift_ramp,182.0752846677721,50.6,0.0,True
gru,92,131,drift_ramp,182.0752846677721,57.410000000000004,0.0,True
gru,93,131,drift_ramp,182.0752846677721,65.4,0.0,True
gru,94,162,takeover_step,14.91515823592874,2.85,0.0,True
gru,95,162,takeover_step,14.91515823592874,7.22,0.0,True
gru,96,162,takeover_step,14.91515823592874,12.5,0.0,True
gru,97,162,takeover_step,14.91515823592874,21.36,6.44484176407126,True
gru,98,162,takeover_step,14.91515823592874,23.01,8.094841764071262,True
gru,99,162,takeover_step,14.91515823592874,23.400000000000002,8.484841764071263,True
gru,100,162,takeover_step,14.91515823592874,35.39,20.47484176407126,True
gru,101,162,takeover_step,14.91515823592874,36.29,21.37484176407126,True
gru,102,162,takeover_step,14.91515823592874,39.78,24.86484176407126,True
gru,103,162,takeover_step,14.91515823592874,40.1,25.184841764071262,True
gru,104,162,takeover_step,14.91515823592874,46.480000000000004,31.564841764071264,True
gru,105,162,takeover_step,14.91515823592874,46.62,31.704841764071258,True
gru,106,162,takeover_step,14.91515823592874,55.08,40.164841764071255,True
gru,107,162,takeover_step,14.91515823592874,60.93,46.014841764071264,True
gru,108,165,drift_sigmoid,147.15736833345036,0.89,0.0,True
gru,109,165,drift_sigmoid,147.15736833345036,3.19,0.0,True
gru,110,165,drift_sigmoid,147.15736833345036,28.98,0.0,True
gru,111,165,drift_sigmoid,147.15736833345036,31.240000000000002,0.0,True
gru,112,165,drift_sigmoid,147.15736833345036,39.27,0.0,True
gru,113,165,drift_sigmoid,147.15736833345036,41.08,0.0,True
gru,114,165,drift_sigmoid,147.15736833345036,43.300000000000004,0.0,True
gru,115,165,drift_sigmoid,147.15736833345036,60.4,0.0,True
gru,116,169,takeover_ramp,97.420297603735,2.66,0.0,True
gru,117,169,takeover_ramp,97.420297603735,10.97,0.0,True
gru,118,169,takeover_ramp,97.420297603735,25.2,0.0,True
gru,119,179,takeover_step,122.10788111664908,3.5500000000000003,0.0,True
gru,120,179,takeover_step,122.10788111664908,22.900000000000002,0.0,True
gru,121,179,takeover_step,122.10788111664908,32.64,0.0,True
gru,122,179,takeover_step,122.10788111664908,53.29,0.0,True
gru,123,179,takeover_step,122.10788111664908,62.65,0.0,True
gru,124,179,takeover_step,122.10788111664908,64.24000000000001,0.0,True
gru,125,184,drift_ramp,75.24008074312675,11.51,0.0,True
gru,126,184,drift_ramp,75.24008074312675,18.51,0.0,True
gru,127,184,drift_ramp,75.24008074312675,24.61,0.0,True
gru,128,184,drift_ramp,75.24008074312675,25.21,0.0,True
gru,129,184,drift_ramp,75.24008074312675,25.59,0.0,True
gru,130,184,drift_ramp,75.24008074312675,30.46,0.0,True
gru,131,184,drift_ramp,75.24008074312675,41.85,0.0,True
gru,132,184,drift_ramp,75.24008074312675,49.75,0.0,True
gru,133,184,drift_ramp,75.24008074312675,61.870000000000005,0.0,True
gru,134,192,drift_sigmoid,79.2016227542393,8.91,0.0,True
gru,135,192,drift_sigmoid,79.2016227542393,32.84,0.0,True
gru,136,192,drift_sigmoid,79.2016227542393,33.09,0.0,True
gru,137,192,drift_sigmoid,79.2016227542393,39.410000000000004,0.0,True
gru,138,192,drift_sigmoid,79.2016227542393,39.730000000000004,0.0,True
gru,139,193,takeover_ramp,40.23553773066088,4.2,0.0,True
gru,140,193,takeover_ramp,40.23553773066088,4.73,0.0,True
gru,141,193,takeover_ramp,40.23553773066088,9.33,0.0,True
gru,142,193,takeover_ramp,40.23553773066088,13.34,0.0,True
gru,143,193,takeover_ramp,40.23553773066088,15.66,0.0,True
gru,144,193,takeover_ramp,40.23553773066088,24.04,0.0,True
gru,145,193,takeover_ramp,40.23553773066088,24.490000000000002,0.0,True
gru,146,193,takeover_ramp,40.23553773066088,34.37,0.0,True
gru,147,193,takeover_ramp,40.23553773066088,43.75,3.51446226933912,True
gru,148,193,takeover_ramp,40.23553773066088,44.99,4.754462269339122,True
gru,149,193,takeover_ramp,40.23553773066088,49.730000000000004,9.494462269339124,True
gru,150,193,takeover_ramp,40.23553773066088,56.65,16.41446226933912,True
gru,151,193,takeover_ramp,40.23553773066088,59.18,18.94446226933912,True
gru,152,193,takeover_ramp,40.23553773066088,64.83,24.594462269339118,True
gru,153,197,drift_sigmoid,115.19058430867968,27.88,0.0,True
gru,154,212,drift_sigmoid,79.90523467535208,0.51,0.0,True
gru,155,212,drift_sigmoid,79.90523467535208,4.13,0.0,True
gru,156,212,drift_sigmoid,79.90523467535208,14.13,0.0,True
gru,157,212,drift_sigmoid,79.90523467535208,14.31,0.0,True
gru,158,212,drift_sigmoid,79.90523467535208,30.34,0.0,True
gru,159,212,drift_sigmoid,79.90523467535208,38.88,0.0,True
gru,160,221,takeover_step,10.536360647437668,2.14,0.0,True
gru,161,221,takeover_step,10.536360647437668,12.09,1.5536393525623318,True
gru,162,221,takeover_step,10.536360647437668,14.040000000000001,3.503639352562333,True
gru,163,221,takeover_step,10.536360647437668,28.0,17.463639352562332,True
gru,164,221,takeover_step,10.536360647437668,41.49,30.953639352562334,True
gru,165,221,takeover_step,10.536360647437668,50.2,39.663639352562335,True
gru,166,221,takeover_step,10.536360647437668,55.56,45.023639352562334,True
gru,167,221,takeover_step,10.536360647437668,62.980000000000004,52.443639352562336,True
gru,168,221,takeover_step,10.536360647437668,67.55,57.01363935256233,True
gru,169,224,takeover_step,93.79210260555344,6.59,0.0,True
gru,170,224,takeover_step,93.79210260555344,7.91,0.0,True
gru,171,224,takeover_step,93.79210260555344,9.72,0.0,True
gru,172,224,takeover_step,93.79210260555344,18.71,0.0,True
gru,173,224,takeover_step,93.79210260555344,26.39,0.0,True
gru,174,224,takeover_step,93.79210260555344,32.660000000000004,0.0,True
gru,175,224,takeover_step,93.79210260555344,41.81,0.0,True
gru,176,224,takeover_step,93.79210260555344,48.120000000000005,0.0,True
gru,177,224,takeover_step,93.79210260555344,55.64,0.0,True
gru,178,224,takeover_step,93.79210260555344,59.78,0.0,True
gru,179,224,takeover_step,93.79210260555344,63.63,0.0,True
gru,180,224,takeover_step,93.79210260555344,66.93,0.0,True
gru,181,233,delay,149.85146211197676,29.03,0.0,True
gru,182,233,delay,149.85146211197676,60.0,0.0,True
gru,183,243,step,127.99537316243467,3.85,0.0,True
gru,184,243,step,127.99537316243467,7.69,0.0,True
gru,185,243,step,127.99537316243467,11.32,0.0,True
gru,186,243,step,127.99537316243467,18.41,0.0,True
gru,187,243,step,127.99537316243467,34.58,0.0,True
gru,188,243,step,127.99537316243467,40.78,0.0,True
gru,189,243,step,127.99537316243467,53.59,0.0,True
gru,190,243,step,127.99537316243467,58.0,0.0,True
gru,191,254,drift_ramp,94.5062250126336,12.85,0.0,True
gru,192,254,drift_ramp,94.5062250126336,31.48,0.0,True
gru,193,254,drift_ramp,94.5062250126336,36.06,0.0,True
gru,194,254,drift_ramp,94.5062250126336,60.84,0.0,True
gru,195,258,drift_sigmoid,128.36090134328924,16.580000000000002,0.0,True
gru,196,258,drift_sigmoid,128.36090134328924,51.17,0.0,True
gru,197,264,delay,123.6817420350072,32.81,0.0,True
gru,198,264,delay,123.6817420350072,63.95,0.0,True
gru,199,264,delay,123.6817420350072,67.69,0.0,True
gru,200,264,delay,123.6817420350072,68.79,0.0,True
gru,201,276,takeover_step,113.5829416248078,27.12,0.0,True
gru,202,279,drift_ramp,90.42971961610978,31.59,0.0,True
gru,203,279,drift_ramp,90.42971961610978,32.39,0.0,True
gru,204,279,drift_ramp,90.42971961610978,49.72,0.0,True
gru,205,279,drift_ramp,90.42971961610978,58.120000000000005,0.0,True
gru,206,279,drift_ramp,90.42971961610978,58.7,0.0,True
gru,207,279,drift_ramp,90.42971961610978,60.59,0.0,True
gru,208,279,drift_ramp,90.42971961610978,61.26,0.0,True
gru,209,279,drift_ramp,90.42971961610978,64.97,0.0,True
cnn_lstm,0,2,takeover_ramp,95.8006784666841,1.37,0.0,True
cnn_lstm,1,2,takeover_ramp,95.8006784666841,1.57,0.0,True
cnn_lstm,2,2,takeover_ramp,95.8006784666841,5.38,0.0,True
cnn_lstm,3,2,takeover_ramp,95.8006784666841,9.24,0.0,True
cnn_lstm,4,2,takeover_ramp,95.8006784666841,10.290000000000001,0.0,True
cnn_lstm,5,2,takeover_ramp,95.8006784666841,16.31,0.0,True
cnn_lstm,6,2,takeover_ramp,95.8006784666841,17.23,0.0,True
cnn_lstm,7,2,takeover_ramp,95.8006784666841,21.55,0.0,True
cnn_lstm,8,2,takeover_ramp,95.8006784666841,24.44,0.0,True
cnn_lstm,9,2,takeover_ramp,95.8006784666841,25.87,0.0,True
cnn_lstm,10,2,takeover_ramp,95.8006784666841,29.87,0.0,True
cnn_lstm,11,2,takeover_ramp,95.8006784666841,30.68,0.0,True
cnn_lstm,12,2,takeover_ramp,95.8006784666841,39.01,0.0,True
cnn_lstm,13,2,takeover_ramp,95.8006784666841,43.86,0.0,True
cnn_lstm,14,2,takeover_ramp,95.8006784666841,53.88,0.0,True
cnn_lstm,15,2,takeover_ramp,95.8006784666841,59.46,0.0,True
cnn_lstm,16,2,takeover_ramp,95.8006784666841,61.34,0.0,True
cnn_lstm,17,2,takeover_ramp,95.8006784666841,63.84,0.0,True
cnn_lstm,18,2,takeover_ramp,95.8006784666841,68.59,0.0,True
cnn_lstm,19,76,step,165.52877740850676,4.53,0.0,True
cnn_lstm,20,76,step,165.52877740850676,5.92,0.0,True
cnn_lstm,21,76,step,165.52877740850676,15.71,0.0,True
cnn_lstm,22,76,step,165.52877740850676,33.84,0.0,True
cnn_lstm,23,76,step,165.52877740850676,49.26,0.0,True
cnn_lstm,24,76,step,165.52877740850676,50.730000000000004,0.0,True
cnn_lstm,25,76,step,165.52877740850676,61.6,0.0,True
cnn_lstm,26,76,step,165.52877740850676,64.29,0.0,True
cnn_lstm,27,76,step,165.52877740850676,65.18,0.0,True
cnn_lstm,28,76,step,165.52877740850676,65.73,0.0,True
cnn_lstm,29,76,step,165.52877740850676,66.53,0.0,True
cnn_lstm,30,77,takeover_ramp,87.63696498999546,29.6,0.0,True
cnn_lstm,31,77,takeover_ramp,87.63696498999546,69.42,0.0,True
cnn_lstm,32,95,step,58.56240426323088,5.24,0.0,True
cnn_lstm,33,95,step,58.56240426323088,6.1000000000000005,0.0,True
cnn_lstm,34,95,step,58.56240426323088,7.07,0.0,True
cnn_lstm,35,95,step,58.56240426323088,16.43,0.0,True
cnn_lstm,36,95,step,58.56240426323088,25.14,0.0,True
cnn_lstm,37,95,step,58.56240426323088,35.410000000000004,0.0,True
cnn_lstm,38,95,step,58.56240426323088,35.69,0.0,True
cnn_lstm,39,95,step,58.56240426323088,39.52,0.0,True
cnn_lstm,40,95,step,58.56240426323088,46.03,0.0,True
cnn_lstm,41,95,step,58.56240426323088,49.480000000000004,0.0,True
cnn_lstm,42,95,step,58.56240426323088,58.71,0.1475957367691194,True
cnn_lstm,43,108,step,75.3845071838438,10.540000000000001,0.0,True
cnn_lstm,44,108,step,75.3845071838438,50.63,0.0,True
cnn_lstm,45,108,step,75.3845071838438,56.64,0.0,True
cnn_lstm,46,108,step,75.3845071838438,57.34,0.0,True
cnn_lstm,47,108,step,75.3845071838438,62.5,0.0,True
cnn_lstm,48,108,step,75.3845071838438,70.18,0.0,True
cnn_lstm,49,110,step,84.5364701054331,0.83,0.0,True
cnn_lstm,50,110,step,84.5364701054331,6.8100000000000005,0.0,True
cnn_lstm,51,110,step,84.5364701054331,10.85,0.0,True
cnn_lstm,52,110,step,84.5364701054331,18.26,0.0,True
cnn_lstm,53,110,step,84.5364701054331,25.71,0.0,True
cnn_lstm,54,110,step,84.5364701054331,28.36,0.0,True
cnn_lstm,55,110,step,84.5364701054331,32.980000000000004,0.0,True
cnn_lstm,56,110,step,84.5364701054331,34.38,0.0,True
cnn_lstm,57,110,step,84.5364701054331,37.75,0.0,True
cnn_lstm,58,110,step,84.5364701054331,43.64,0.0,True
cnn_lstm,59,110,step,84.5364701054331,61.76,0.0,True
cnn_lstm,60,110,step,84.5364701054331,62.81,0.0,True
cnn_lstm,61,112,takeover_ramp,123.96392069259976,0.38,0.0,True
cnn_lstm,62,112,takeover_ramp,123.96392069259976,32.62,0.0,True
cnn_lstm,63,112,takeover_ramp,123.96392069259976,34.2,0.0,True
cnn_lstm,64,112,takeover_ramp,123.96392069259976,64.13,0.0,True
cnn_lstm,65,114,drift_ramp,23.262408845252608,4.91,0.0,True
cnn_lstm,66,114,drift_ramp,23.262408845252608,8.41,0.0,True
cnn_lstm,67,114,drift_ramp,23.262408845252608,11.98,0.0,True
cnn_lstm,68,114,drift_ramp,23.262408845252608,34.07,10.807591154747392,True
cnn_lstm,69,114,drift_ramp,23.262408845252608,37.76,14.49759115474739,True
cnn_lstm,70,114,drift_ramp,23.262408845252608,39.480000000000004,16.217591154747396,True
cnn_lstm,71,114,drift_ramp,23.262408845252608,43.0,19.737591154747392,True
cnn_lstm,72,114,drift_ramp,23.262408845252608,46.04,22.77759115474739,True
cnn_lstm,73,114,drift_ramp,23.262408845252608,50.07,26.807591154747392,True
cnn_lstm,74,114,drift_ramp,23.262408845252608,54.89,31.627591154747392,True
cnn_lstm,75,114,drift_ramp,23.262408845252608,55.88,32.617591154747394,True
cnn_lstm,76,114,drift_ramp,23.262408845252608,63.04,39.77759115474739,True
cnn_lstm,77,114,drift_ramp,23.262408845252608,67.03,43.76759115474739,True
cnn_lstm,78,117,delay,62.23656649358486,2.45,0.0,True
cnn_lstm,79,117,delay,62.23656649358486,28.37,0.0,True
cnn_lstm,80,117,delay,62.23656649358486,58.160000000000004,0.0,True
cnn_lstm,81,117,delay,62.23656649358486,64.1,1.8634335064151344,True
cnn_lstm,82,117,delay,62.23656649358486,69.12,6.883433506415145,True
cnn_lstm,83,123,delay,158.26730028372296,16.830000000000002,0.0,True
cnn_lstm,84,123,delay,158.26730028372296,61.93,0.0,True
cnn_lstm,85,131,drift_ramp,182.0752846677721,19.580000000000002,0.0,True
cnn_lstm,86,131,drift_ramp,182.0752846677721,22.52,0.0,True
cnn_lstm,87,131,drift_ramp,182.0752846677721,24.35,0.0,True
cnn_lstm,88,131,drift_ramp,182.0752846677721,30.78,0.0,True
cnn_lstm,89,131,drift_ramp,182.0752846677721,37.9,0.0,True
cnn_lstm,90,131,drift_ramp,182.0752846677721,44.49,0.0,True
cnn_lstm,91,131,drift_ramp,182.0752846677721,50.6,0.0,True
cnn_lstm,92,131,drift_ramp,182.0752846677721,57.410000000000004,0.0,True
cnn_lstm,93,131,drift_ramp,182.0752846677721,65.4,0.0,True
cnn_lstm,94,162,takeover_step,14.91515823592874,2.85,0.0,True
cnn_lstm,95,162,takeover_step,14.91515823592874,7.22,0.0,True
cnn_lstm,96,162,takeover_step,14.91515823592874,12.5,0.0,True
cnn_lstm,97,162,takeover_step,14.91515823592874,21.36,6.44484176407126,True
cnn_lstm,98,162,takeover_step,14.91515823592874,23.01,8.094841764071262,True
cnn_lstm,99,162,takeover_step,14.91515823592874,23.400000000000002,8.484841764071263,True
cnn_lstm,100,162,takeover_step,14.91515823592874,35.39,20.47484176407126,True
cnn_lstm,101,162,takeover_step,14.91515823592874,36.29,21.37484176407126,True
cnn_lstm,102,162,takeover_step,14.91515823592874,39.78,24.86484176407126,True
cnn_lstm,103,162,takeover_step,14.91515823592874,40.1,25.184841764071262,True
cnn_lstm,104,162,takeover_step,14.91515823592874,46.480000000000004,31.564841764071264,True
cnn_lstm,105,162,takeover_step,14.91515823592874,46.62,31.704841764071258,True
cnn_lstm,106,162,takeover_step,14.91515823592874,55.08,40.164841764071255,True
cnn_lstm,107,162,takeover_step,14.91515823592874,60.93,46.014841764071264,True
cnn_lstm,108,165,drift_sigmoid,147.15736833345036,0.89,0.0,True
cnn_lstm,109,165,drift_sigmoid,147.15736833345036,3.19,0.0,True
cnn_lstm,110,165,drift_sigmoid,147.15736833345036,28.98,0.0,True
cnn_lstm,111,165,drift_sigmoid,147.15736833345036,31.240000000000002,0.0,True
cnn_lstm,112,165,drift_sigmoid,147.15736833345036,39.27,0.0,True
cnn_lstm,113,165,drift_sigmoid,147.15736833345036,41.08,0.0,True
cnn_lstm,114,165,drift_sigmoid,147.15736833345036,43.300000000000004,0.0,True
cnn_lstm,115,165,drift_sigmoid,147.15736833345036,60.4,0.0,True
cnn_lstm,116,169,takeover_ramp,97.420297603735,2.66,0.0,True
cnn_lstm,117,169,takeover_ramp,97.420297603735,10.97,0.0,True
cnn_lstm,118,169,takeover_ramp,97.420297603735,25.2,0.0,True
cnn_lstm,119,179,takeover_step,122.10788111664908,3.5500000000000003,0.0,True
cnn_lstm,120,179,takeover_step,122.10788111664908,22.900000000000002,0.0,True
cnn_lstm,121,179,takeover_step,122.10788111664908,32.64,0.0,True
cnn_lstm,122,179,takeover_step,122.10788111664908,53.29,0.0,True
cnn_lstm,123,179,takeover_step,122.10788111664908,62.65,0.0,True
cnn_lstm,124,179,takeover_step,122.10788111664908,64.24000000000001,0.0,True
cnn_lstm,125,184,drift_ramp,75.24008074312675,11.51,0.0,True
cnn_lstm,126,184,drift_ramp,75.24008074312675,18.51,0.0,True
cnn_lstm,127,184,drift_ramp,75.24008074312675,24.61,0.0,True
cnn_lstm,128,184,drift_ramp,75.24008074312675,25.21,0.0,True
cnn_lstm,129,184,drift_ramp,75.24008074312675,25.59,0.0,True
cnn_lstm,130,184,drift_ramp,75.24008074312675,30.46,0.0,True
cnn_lstm,131,184,drift_ramp,75.24008074312675,41.85,0.0,True
cnn_lstm,132,184,drift_ramp,75.24008074312675,49.75,0.0,True
cnn_lstm,133,184,drift_ramp,75.24008074312675,61.870000000000005,0.0,True
cnn_lstm,134,192,drift_sigmoid,79.2016227542393,8.91,,False
cnn_lstm,135,192,drift_sigmoid,79.2016227542393,32.84,0.0,True
cnn_lstm,136,192,drift_sigmoid,79.2016227542393,33.09,0.0,True
cnn_lstm,137,192,drift_sigmoid,79.2016227542393,39.410000000000004,0.0,True
cnn_lstm,138,192,drift_sigmoid,79.2016227542393,39.730000000000004,0.0,True
cnn_lstm,139,193,takeover_ramp,40.23553773066088,4.2,0.0,True
cnn_lstm,140,193,takeover_ramp,40.23553773066088,4.73,0.0,True
cnn_lstm,141,193,takeover_ramp,40.23553773066088,9.33,0.0,True
cnn_lstm,142,193,takeover_ramp,40.23553773066088,13.34,0.0,True
cnn_lstm,143,193,takeover_ramp,40.23553773066088,15.66,0.0,True
cnn_lstm,144,193,takeover_ramp,40.23553773066088,24.04,0.0,True
cnn_lstm,145,193,takeover_ramp,40.23553773066088,24.490000000000002,0.0,True
cnn_lstm,146,193,takeover_ramp,40.23553773066088,34.37,0.0,True
cnn_lstm,147,193,takeover_ramp,40.23553773066088,43.75,3.51446226933912,True
cnn_lstm,148,193,takeover_ramp,40.23553773066088,44.99,4.754462269339122,True
cnn_lstm,149,193,takeover_ramp,40.23553773066088,49.730000000000004,9.494462269339124,True
cnn_lstm,150,193,takeover_ramp,40.23553773066088,56.65,16.41446226933912,True
cnn_lstm,151,193,takeover_ramp,40.23553773066088,59.18,18.94446226933912,True
cnn_lstm,152,193,takeover_ramp,40.23553773066088,64.83,24.594462269339118,True
cnn_lstm,153,197,drift_sigmoid,115.19058430867968,27.88,0.0,True
cnn_lstm,154,212,drift_sigmoid,79.90523467535208,0.51,0.0,True
cnn_lstm,155,212,drift_sigmoid,79.90523467535208,4.13,0.0,True
cnn_lstm,156,212,drift_sigmoid,79.90523467535208,14.13,0.0,True
cnn_lstm,157,212,drift_sigmoid,79.90523467535208,14.31,0.0,True
cnn_lstm,158,212,drift_sigmoid,79.90523467535208,30.34,0.0,True
cnn_lstm,159,212,drift_sigmoid,79.90523467535208,38.88,0.0,True
cnn_lstm,160,221,takeover_step,10.536360647437668,2.14,0.0,True
cnn_lstm,161,221,takeover_step,10.536360647437668,12.09,1.5536393525623318,True
cnn_lstm,162,221,takeover_step,10.536360647437668,14.040000000000001,3.503639352562333,True
cnn_lstm,163,221,takeover_step,10.536360647437668,28.0,,False
cnn_lstm,164,221,takeover_step,10.536360647437668,41.49,30.953639352562334,True
cnn_lstm,165,221,takeover_step,10.536360647437668,50.2,39.663639352562335,True
cnn_lstm,166,221,takeover_step,10.536360647437668,55.56,45.023639352562334,True
cnn_lstm,167,221,takeover_step,10.536360647437668,62.980000000000004,52.443639352562336,True
cnn_lstm,168,221,takeover_step,10.536360647437668,67.55,57.01363935256233,True
cnn_lstm,169,224,takeover_step,93.79210260555344,6.59,0.0,True
cnn_lstm,170,224,takeover_step,93.79210260555344,7.91,0.0,True
cnn_lstm,171,224,takeover_step,93.79210260555344,9.72,0.0,True
cnn_lstm,172,224,takeover_step,93.79210260555344,18.71,0.0,True
cnn_lstm,173,224,takeover_step,93.79210260555344,26.39,0.0,True
cnn_lstm,174,224,takeover_step,93.79210260555344,32.660000000000004,0.0,True
cnn_lstm,175,224,takeover_step,93.79210260555344,41.81,0.0,True
cnn_lstm,176,224,takeover_step,93.79210260555344,48.120000000000005,0.0,True
cnn_lstm,177,224,takeover_step,93.79210260555344,55.64,0.0,True
cnn_lstm,178,224,takeover_step,93.79210260555344,59.78,0.0,True
cnn_lstm,179,224,takeover_step,93.79210260555344,63.63,0.0,True
cnn_lstm,180,224,takeover_step,93.79210260555344,66.93,0.0,True
cnn_lstm,181,233,delay,149.85146211197676,29.03,0.0,True
cnn_lstm,182,233,delay,149.85146211197676,60.0,0.0,True
cnn_lstm,183,243,step,127.99537316243467,3.85,0.0,True
cnn_lstm,184,243,step,127.99537316243467,7.69,0.0,True
cnn_lstm,185,243,step,127.99537316243467,11.32,0.0,True
cnn_lstm,186,243,step,127.99537316243467,18.41,0.0,True
cnn_lstm,187,243,step,127.99537316243467,34.58,0.0,True
cnn_lstm,188,243,step,127.99537316243467,40.78,0.0,True
cnn_lstm,189,243,step,127.99537316243467,53.59,0.0,True
cnn_lstm,190,243,step,127.99537316243467,58.0,0.0,True
cnn_lstm,191,254,drift_ramp,94.5062250126336,12.85,0.0,True
cnn_lstm,192,254,drift_ramp,94.5062250126336,31.48,0.0,True
cnn_lstm,193,254,drift_ramp,94.5062250126336,36.06,0.0,True
cnn_lstm,194,254,drift_ramp,94.5062250126336,60.84,0.0,True
cnn_lstm,195,258,drift_sigmoid,128.36090134328924,16.580000000000002,0.0,True
cnn_lstm,196,258,drift_sigmoid,128.36090134328924,51.17,0.0,True
cnn_lstm,197,264,delay,123.6817420350072,32.81,0.0,True
cnn_lstm,198,264,delay,123.6817420350072,63.95,0.0,True
cnn_lstm,199,264,delay,123.6817420350072,67.69,0.0,True
cnn_lstm,200,264,delay,123.6817420350072,68.79,0.0,True
cnn_lstm,201,276,takeover_step,113.5829416248078,27.12,0.0,True
cnn_lstm,202,279,drift_ramp,90.42971961610978,31.59,0.0,True
cnn_lstm,203,279,drift_ramp,90.42971961610978,32.39,0.0,True
cnn_lstm,204,279,drift_ramp,90.42971961610978,49.72,0.0,True
cnn_lstm,205,279,drift_ramp,90.42971961610978,58.120000000000005,0.0,True
cnn_lstm,206,279,drift_ramp,90.42971961610978,58.7,0.0,True
cnn_lstm,207,279,drift_ramp,90.42971961610978,60.59,0.0,True
cnn_lstm,208,279,drift_ramp,90.42971961610978,61.26,0.0,True
cnn_lstm,209,279,drift_ramp,90.42971961610978,64.97,0.0,True
tcn,0,2,takeover_ramp,95.8006784666841,1.37,0.0,True
tcn,1,2,takeover_ramp,95.8006784666841,1.57,0.0,True
tcn,2,2,takeover_ramp,95.8006784666841,5.38,0.0,True
tcn,3,2,takeover_ramp,95.8006784666841,9.24,0.0,True
tcn,4,2,takeover_ramp,95.8006784666841,10.290000000000001,0.0,True
tcn,5,2,takeover_ramp,95.8006784666841,16.31,0.0,True
tcn,6,2,takeover_ramp,95.8006784666841,17.23,0.0,True
tcn,7,2,takeover_ramp,95.8006784666841,21.55,0.0,True
tcn,8,2,takeover_ramp,95.8006784666841,24.44,0.0,True
tcn,9,2,takeover_ramp,95.8006784666841,25.87,0.0,True
tcn,10,2,takeover_ramp,95.8006784666841,29.87,0.0,True
tcn,11,2,takeover_ramp,95.8006784666841,30.68,0.0,True
tcn,12,2,takeover_ramp,95.8006784666841,39.01,0.0,True
tcn,13,2,takeover_ramp,95.8006784666841,43.86,0.0,True
tcn,14,2,takeover_ramp,95.8006784666841,53.88,0.0,True
tcn,15,2,takeover_ramp,95.8006784666841,59.46,0.0,True
tcn,16,2,takeover_ramp,95.8006784666841,61.34,0.0,True
tcn,17,2,takeover_ramp,95.8006784666841,63.84,0.0,True
tcn,18,2,takeover_ramp,95.8006784666841,68.59,0.0,True
tcn,19,76,step,165.52877740850676,4.53,0.0,True
tcn,20,76,step,165.52877740850676,5.92,0.0,True
tcn,21,76,step,165.52877740850676,15.71,0.0,True
tcn,22,76,step,165.52877740850676,33.84,0.0,True
tcn,23,76,step,165.52877740850676,49.26,0.0,True
tcn,24,76,step,165.52877740850676,50.730000000000004,0.0,True
tcn,25,76,step,165.52877740850676,61.6,0.0,True
tcn,26,76,step,165.52877740850676,64.29,0.0,True
tcn,27,76,step,165.52877740850676,65.18,0.0,True
tcn,28,76,step,165.52877740850676,65.73,0.0,True
tcn,29,76,step,165.52877740850676,66.53,0.0,True
tcn,30,77,takeover_ramp,87.63696498999546,29.6,0.0,True
tcn,31,77,takeover_ramp,87.63696498999546,69.42,0.0,True
tcn,32,95,step,58.56240426323088,5.24,0.0,True
tcn,33,95,step,58.56240426323088,6.1000000000000005,0.0,True
tcn,34,95,step,58.56240426323088,7.07,0.0,True
tcn,35,95,step,58.56240426323088,16.43,0.0,True
tcn,36,95,step,58.56240426323088,25.14,0.0,True
tcn,37,95,step,58.56240426323088,35.410000000000004,0.0,True
tcn,38,95,step,58.56240426323088,35.69,0.0,True
tcn,39,95,step,58.56240426323088,39.52,0.0,True
tcn,40,95,step,58.56240426323088,46.03,0.0,True
tcn,41,95,step,58.56240426323088,49.480000000000004,0.0,True
tcn,42,95,step,58.56240426323088,58.71,0.1475957367691194,True
tcn,43,108,step,75.3845071838438,10.540000000000001,0.0,True
tcn,44,108,step,75.3845071838438,50.63,0.0,True
tcn,45,108,step,75.3845071838438,56.64,0.0,True
tcn,46,108,step,75.3845071838438,57.34,0.0,True
tcn,47,108,step,75.3845071838438,62.5,0.0,True
tcn,48,108,step,75.3845071838438,70.18,0.0,True
tcn,49,110,step,84.5364701054331,0.83,0.0,True
tcn,50,110,step,84.5364701054331,6.8100000000000005,0.0,True
tcn,51,110,step,84.5364701054331,10.85,0.0,True
tcn,52,110,step,84.5364701054331,18.26,0.0,True
tcn,53,110,step,84.5364701054331,25.71,0.0,True
tcn,54,110,step,84.5364701054331,28.36,0.0,True
tcn,55,110,step,84.5364701054331,32.980000000000004,0.0,True
tcn,56,110,step,84.5364701054331,34.38,0.0,True
tcn,57,110,step,84.5364701054331,37.75,0.0,True
tcn,58,110,step,84.5364701054331,43.64,0.0,True
tcn,59,110,step,84.5364701054331,61.76,0.0,True
tcn,60,110,step,84.5364701054331,62.81,0.0,True
tcn,61,112,takeover_ramp,123.96392069259976,0.38,0.0,True
tcn,62,112,takeover_ramp,123.96392069259976,32.62,0.0,True
tcn,63,112,takeover_ramp,123.96392069259976,34.2,0.0,True
tcn,64,112,takeover_ramp,123.96392069259976,64.13,0.0,True
tcn,65,114,drift_ramp,23.262408845252608,4.91,0.0,True
tcn,66,114,drift_ramp,23.262408845252608,8.41,0.0,True
tcn,67,114,drift_ramp,23.262408845252608,11.98,0.0,True
tcn,68,114,drift_ramp,23.262408845252608,34.07,,False
tcn,69,114,drift_ramp,23.262408845252608,37.76,14.49759115474739,True
tcn,70,114,drift_ramp,23.262408845252608,39.480000000000004,16.217591154747396,True
tcn,71,114,drift_ramp,23.262408845252608,43.0,19.737591154747392,True
tcn,72,114,drift_ramp,23.262408845252608,46.04,22.77759115474739,True
tcn,73,114,drift_ramp,23.262408845252608,50.07,26.807591154747392,True
tcn,74,114,drift_ramp,23.262408845252608,54.89,31.627591154747392,True
tcn,75,114,drift_ramp,23.262408845252608,55.88,32.617591154747394,True
tcn,76,114,drift_ramp,23.262408845252608,63.04,39.77759115474739,True
tcn,77,114,drift_ramp,23.262408845252608,67.03,,False
tcn,78,117,delay,62.23656649358486,2.45,0.0,True
tcn,79,117,delay,62.23656649358486,28.37,0.0,True
tcn,80,117,delay,62.23656649358486,58.160000000000004,0.0,True
tcn,81,117,delay,62.23656649358486,64.1,1.8634335064151344,True
tcn,82,117,delay,62.23656649358486,69.12,6.883433506415145,True
tcn,83,123,delay,158.26730028372296,16.830000000000002,0.0,True
tcn,84,123,delay,158.26730028372296,61.93,,False
tcn,85,131,drift_ramp,182.0752846677721,19.580000000000002,0.0,True
tcn,86,131,drift_ramp,182.0752846677721,22.52,0.0,True
tcn,87,131,drift_ramp,182.0752846677721,24.35,0.0,True
tcn,88,131,drift_ramp,182.0752846677721,30.78,0.0,True
tcn,89,131,drift_ramp,182.0752846677721,37.9,0.0,True
tcn,90,131,drift_ramp,182.0752846677721,44.49,0.0,True
tcn,91,131,drift_ramp,182.0752846677721,50.6,0.0,True
tcn,92,131,drift_ramp,182.0752846677721,57.410000000000004,0.0,True
tcn,93,131,drift_ramp,182.0752846677721,65.4,0.0,True
tcn,94,162,takeover_step,14.91515823592874,2.85,0.0,True
tcn,95,162,takeover_step,14.91515823592874,7.22,0.0,True
tcn,96,162,takeover_step,14.91515823592874,12.5,0.0,True
tcn,97,162,takeover_step,14.91515823592874,21.36,6.44484176407126,True
tcn,98,162,takeover_step,14.91515823592874,23.01,8.094841764071262,True
tcn,99,162,takeover_step,14.91515823592874,23.400000000000002,8.484841764071263,True
tcn,100,162,takeover_step,14.91515823592874,35.39,20.47484176407126,True
tcn,101,162,takeover_step,14.91515823592874,36.29,21.37484176407126,True
tcn,102,162,takeover_step,14.91515823592874,39.78,24.86484176407126,True
tcn,103,162,takeover_step,14.91515823592874,40.1,25.184841764071262,True
tcn,104,162,takeover_step,14.91515823592874,46.480000000000004,31.564841764071264,True
tcn,105,162,takeover_step,14.91515823592874,46.62,31.704841764071258,True
tcn,106,162,takeover_step,14.91515823592874,55.08,40.164841764071255,True
tcn,107,162,takeover_step,14.91515823592874,60.93,46.014841764071264,True
tcn,108,165,drift_sigmoid,147.15736833345036,0.89,,False
tcn,109,165,drift_sigmoid,147.15736833345036,3.19,0.0,True
tcn,110,165,drift_sigmoid,147.15736833345036,28.98,0.0,True
tcn,111,165,drift_sigmoid,147.15736833345036,31.240000000000002,0.0,True
tcn,112,165,drift_sigmoid,147.15736833345036,39.27,0.0,True
tcn,113,165,drift_sigmoid,147.15736833345036,41.08,0.0,True
tcn,114,165,drift_sigmoid,147.15736833345036,43.300000000000004,0.0,True
tcn,115,165,drift_sigmoid,147.15736833345036,60.4,0.0,True
tcn,116,169,takeover_ramp,97.420297603735,2.66,0.0,True
tcn,117,169,takeover_ramp,97.420297603735,10.97,0.0,True
tcn,118,169,takeover_ramp,97.420297603735,25.2,0.0,True
tcn,119,179,takeover_step,122.10788111664908,3.5500000000000003,0.0,True
tcn,120,179,takeover_step,122.10788111664908,22.900000000000002,0.0,True
tcn,121,179,takeover_step,122.10788111664908,32.64,0.0,True
tcn,122,179,takeover_step,122.10788111664908,53.29,0.0,True
tcn,123,179,takeover_step,122.10788111664908,62.65,0.0,True
tcn,124,179,takeover_step,122.10788111664908,64.24000000000001,0.0,True
tcn,125,184,drift_ramp,75.24008074312675,11.51,0.0,True
tcn,126,184,drift_ramp,75.24008074312675,18.51,0.0,True
tcn,127,184,drift_ramp,75.24008074312675,24.61,0.0,True
tcn,128,184,drift_ramp,75.24008074312675,25.21,0.0,True
tcn,129,184,drift_ramp,75.24008074312675,25.59,0.0,True
tcn,130,184,drift_ramp,75.24008074312675,30.46,0.0,True
tcn,131,184,drift_ramp,75.24008074312675,41.85,0.0,True
tcn,132,184,drift_ramp,75.24008074312675,49.75,0.0,True
tcn,133,184,drift_ramp,75.24008074312675,61.870000000000005,0.0,True
tcn,134,192,drift_sigmoid,79.2016227542393,8.91,,False
tcn,135,192,drift_sigmoid,79.2016227542393,32.84,0.0,True
tcn,136,192,drift_sigmoid,79.2016227542393,33.09,0.0,True
tcn,137,192,drift_sigmoid,79.2016227542393,39.410000000000004,0.0,True
tcn,138,192,drift_sigmoid,79.2016227542393,39.730000000000004,0.0,True
tcn,139,193,takeover_ramp,40.23553773066088,4.2,0.0,True
tcn,140,193,takeover_ramp,40.23553773066088,4.73,0.0,True
tcn,141,193,takeover_ramp,40.23553773066088,9.33,0.0,True
tcn,142,193,takeover_ramp,40.23553773066088,13.34,0.0,True
tcn,143,193,takeover_ramp,40.23553773066088,15.66,0.0,True
tcn,144,193,takeover_ramp,40.23553773066088,24.04,0.0,True
tcn,145,193,takeover_ramp,40.23553773066088,24.490000000000002,0.0,True
tcn,146,193,takeover_ramp,40.23553773066088,34.37,0.0,True
tcn,147,193,takeover_ramp,40.23553773066088,43.75,3.51446226933912,True
tcn,148,193,takeover_ramp,40.23553773066088,44.99,4.754462269339122,True
tcn,149,193,takeover_ramp,40.23553773066088,49.730000000000004,9.494462269339124,True
tcn,150,193,takeover_ramp,40.23553773066088,56.65,16.41446226933912,True
tcn,151,193,takeover_ramp,40.23553773066088,59.18,18.94446226933912,True
tcn,152,193,takeover_ramp,40.23553773066088,64.83,24.594462269339118,True
tcn,153,197,drift_sigmoid,115.19058430867968,27.88,0.0,True
tcn,154,212,drift_sigmoid,79.90523467535208,0.51,0.0,True
tcn,155,212,drift_sigmoid,79.90523467535208,4.13,0.0,True
tcn,156,212,drift_sigmoid,79.90523467535208,14.13,0.0,True
tcn,157,212,drift_sigmoid,79.90523467535208,14.31,,False
tcn,158,212,drift_sigmoid,79.90523467535208,30.34,0.0,True
tcn,159,212,drift_sigmoid,79.90523467535208,38.88,,False
tcn,160,221,takeover_step,10.536360647437668,2.14,0.0,True
tcn,161,221,takeover_step,10.536360647437668,12.09,1.5536393525623318,True
tcn,162,221,takeover_step,10.536360647437668,14.040000000000001,3.503639352562333,True
tcn,163,221,takeover_step,10.536360647437668,28.0,17.463639352562332,True
tcn,164,221,takeover_step,10.536360647437668,41.49,30.953639352562334,True
tcn,165,221,takeover_step,10.536360647437668,50.2,39.663639352562335,True
tcn,166,221,takeover_step,10.536360647437668,55.56,45.023639352562334,True
tcn,167,221,takeover_step,10.536360647437668,62.980000000000004,52.443639352562336,True
tcn,168,221,takeover_step,10.536360647437668,67.55,57.01363935256233,True
tcn,169,224,takeover_step,93.79210260555344,6.59,0.0,True
tcn,170,224,takeover_step,93.79210260555344,7.91,0.0,True
tcn,171,224,takeover_step,93.79210260555344,9.72,0.0,True
tcn,172,224,takeover_step,93.79210260555344,18.71,0.0,True
tcn,173,224,takeover_step,93.79210260555344,26.39,0.0,True
tcn,174,224,takeover_step,93.79210260555344,32.660000000000004,0.0,True
tcn,175,224,takeover_step,93.79210260555344,41.81,0.0,True
tcn,176,224,takeover_step,93.79210260555344,48.120000000000005,0.0,True
tcn,177,224,takeover_step,93.79210260555344,55.64,0.0,True
tcn,178,224,takeover_step,93.79210260555344,59.78,0.0,True
tcn,179,224,takeover_step,93.79210260555344,63.63,0.0,True
tcn,180,224,takeover_step,93.79210260555344,66.93,0.0,True
tcn,181,233,delay,149.85146211197676,29.03,0.0,True
tcn,182,233,delay,149.85146211197676,60.0,0.0,True
tcn,183,243,step,127.99537316243467,3.85,0.0,True
tcn,184,243,step,127.99537316243467,7.69,0.0,True
tcn,185,243,step,127.99537316243467,11.32,0.0,True
tcn,186,243,step,127.99537316243467,18.41,0.0,True
tcn,187,243,step,127.99537316243467,34.58,0.0,True
tcn,188,243,step,127.99537316243467,40.78,0.0,True
tcn,189,243,step,127.99537316243467,53.59,0.0,True
tcn,190,243,step,127.99537316243467,58.0,0.0,True
tcn,191,254,drift_ramp,94.5062250126336,12.85,0.0,True
tcn,192,254,drift_ramp,94.5062250126336,31.48,0.0,True
tcn,193,254,drift_ramp,94.5062250126336,36.06,0.0,True
tcn,194,254,drift_ramp,94.5062250126336,60.84,0.0,True
tcn,195,258,drift_sigmoid,128.36090134328924,16.580000000000002,0.0,True
tcn,196,258,drift_sigmoid,128.36090134328924,51.17,0.0,True
tcn,197,264,delay,123.6817420350072,32.81,0.0,True
tcn,198,264,delay,123.6817420350072,63.95,0.0,True
tcn,199,264,delay,123.6817420350072,67.69,0.0,True
tcn,200,264,delay,123.6817420350072,68.79,0.0,True
tcn,201,276,takeover_step,113.5829416248078,27.12,0.0,True
tcn,202,279,drift_ramp,90.42971961610978,31.59,0.0,True
tcn,203,279,drift_ramp,90.42971961610978,32.39,0.0,True
tcn,204,279,drift_ramp,90.42971961610978,49.72,0.0,True
tcn,205,279,drift_ramp,90.42971961610978,58.120000000000005,0.0,True
tcn,206,279,drift_ramp,90.42971961610978,58.7,0.0,True
tcn,207,279,drift_ramp,90.42971961610978,60.59,0.0,True
tcn,208,279,drift_ramp,90.42971961610978,61.26,0.0,True
tcn,209,279,drift_ramp,90.42971961610978,64.97,0.0,True
transformer,0,2,takeover_ramp,95.8006784666841,1.37,0.0,True
transformer,1,2,takeover_ramp,95.8006784666841,1.57,0.0,True
transformer,2,2,takeover_ramp,95.8006784666841,5.38,0.0,True
transformer,3,2,takeover_ramp,95.8006784666841,9.24,0.0,True
transformer,4,2,takeover_ramp,95.8006784666841,10.290000000000001,0.0,True
transformer,5,2,takeover_ramp,95.8006784666841,16.31,0.0,True
transformer,6,2,takeover_ramp,95.8006784666841,17.23,0.0,True
transformer,7,2,takeover_ramp,95.8006784666841,21.55,0.0,True
transformer,8,2,takeover_ramp,95.8006784666841,24.44,0.0,True
transformer,9,2,takeover_ramp,95.8006784666841,25.87,0.0,True
transformer,10,2,takeover_ramp,95.8006784666841,29.87,0.0,True
transformer,11,2,takeover_ramp,95.8006784666841,30.68,0.0,True
transformer,12,2,takeover_ramp,95.8006784666841,39.01,0.0,True
transformer,13,2,takeover_ramp,95.8006784666841,43.86,0.0,True
transformer,14,2,takeover_ramp,95.8006784666841,53.88,0.0,True
transformer,15,2,takeover_ramp,95.8006784666841,59.46,0.0,True
transformer,16,2,takeover_ramp,95.8006784666841,61.34,0.0,True
transformer,17,2,takeover_ramp,95.8006784666841,63.84,0.0,True
transformer,18,2,takeover_ramp,95.8006784666841,68.59,0.0,True
transformer,19,76,step,165.52877740850676,4.53,0.0,True
transformer,20,76,step,165.52877740850676,5.92,0.0,True
transformer,21,76,step,165.52877740850676,15.71,0.0,True
transformer,22,76,step,165.52877740850676,33.84,0.0,True
transformer,23,76,step,165.52877740850676,49.26,0.0,True
transformer,24,76,step,165.52877740850676,50.730000000000004,0.0,True
transformer,25,76,step,165.52877740850676,61.6,0.0,True
transformer,26,76,step,165.52877740850676,64.29,0.0,True
transformer,27,76,step,165.52877740850676,65.18,0.0,True
transformer,28,76,step,165.52877740850676,65.73,0.0,True
transformer,29,76,step,165.52877740850676,66.53,0.0,True
transformer,30,77,takeover_ramp,87.63696498999546,29.6,0.0,True
transformer,31,77,takeover_ramp,87.63696498999546,69.42,0.0,True
transformer,32,95,step,58.56240426323088,5.24,0.0,True
transformer,33,95,step,58.56240426323088,6.1000000000000005,0.0,True
transformer,34,95,step,58.56240426323088,7.07,0.0,True
transformer,35,95,step,58.56240426323088,16.43,0.0,True
transformer,36,95,step,58.56240426323088,25.14,0.0,True
transformer,37,95,step,58.56240426323088,35.410000000000004,0.0,True
transformer,38,95,step,58.56240426323088,35.69,0.0,True
transformer,39,95,step,58.56240426323088,39.52,0.0,True
transformer,40,95,step,58.56240426323088,46.03,0.0,True
transformer,41,95,step,58.56240426323088,49.480000000000004,0.0,True
transformer,42,95,step,58.56240426323088,58.71,0.1475957367691194,True
transformer,43,108,step,75.3845071838438,10.540000000000001,0.0,True
transformer,44,108,step,75.3845071838438,50.63,0.0,True
transformer,45,108,step,75.3845071838438,56.64,0.0,True
transformer,46,108,step,75.3845071838438,57.34,0.0,True
transformer,47,108,step,75.3845071838438,62.5,0.0,True
transformer,48,108,step,75.3845071838438,70.18,0.0,True
transformer,49,110,step,84.5364701054331,0.83,0.0,True
transformer,50,110,step,84.5364701054331,6.8100000000000005,0.0,True
transformer,51,110,step,84.5364701054331,10.85,0.0,True
transformer,52,110,step,84.5364701054331,18.26,0.0,True
transformer,53,110,step,84.5364701054331,25.71,0.0,True
transformer,54,110,step,84.5364701054331,28.36,0.0,True
transformer,55,110,step,84.5364701054331,32.980000000000004,0.0,True
transformer,56,110,step,84.5364701054331,34.38,0.0,True
transformer,57,110,step,84.5364701054331,37.75,0.0,True
transformer,58,110,step,84.5364701054331,43.64,0.0,True
transformer,59,110,step,84.5364701054331,61.76,0.0,True
transformer,60,110,step,84.5364701054331,62.81,0.0,True
transformer,61,112,takeover_ramp,123.96392069259976,0.38,0.0,True
transformer,62,112,takeover_ramp,123.96392069259976,32.62,0.0,True
transformer,63,112,takeover_ramp,123.96392069259976,34.2,0.0,True
transformer,64,112,takeover_ramp,123.96392069259976,64.13,0.0,True
transformer,65,114,drift_ramp,23.262408845252608,4.91,0.0,True
transformer,66,114,drift_ramp,23.262408845252608,8.41,0.0,True
transformer,67,114,drift_ramp,23.262408845252608,11.98,0.0,True
transformer,68,114,drift_ramp,23.262408845252608,34.07,10.807591154747392,True
transformer,69,114,drift_ramp,23.262408845252608,37.76,14.49759115474739,True
transformer,70,114,drift_ramp,23.262408845252608,39.480000000000004,16.217591154747396,True
transformer,71,114,drift_ramp,23.262408845252608,43.0,19.737591154747392,True
transformer,72,114,drift_ramp,23.262408845252608,46.04,22.77759115474739,True
transformer,73,114,drift_ramp,23.262408845252608,50.07,26.807591154747392,True
transformer,74,114,drift_ramp,23.262408845252608,54.89,31.627591154747392,True
transformer,75,114,drift_ramp,23.262408845252608,55.88,32.617591154747394,True
transformer,76,114,drift_ramp,23.262408845252608,63.04,39.77759115474739,True
transformer,77,114,drift_ramp,23.262408845252608,67.03,,False
transformer,78,117,delay,62.23656649358486,2.45,0.0,True
transformer,79,117,delay,62.23656649358486,28.37,0.0,True
transformer,80,117,delay,62.23656649358486,58.160000000000004,,False
transformer,81,117,delay,62.23656649358486,64.1,,False
transformer,82,117,delay,62.23656649358486,69.12,6.883433506415145,True
transformer,83,123,delay,158.26730028372296,16.830000000000002,,False
transformer,84,123,delay,158.26730028372296,61.93,0.0,True
transformer,85,131,drift_ramp,182.0752846677721,19.580000000000002,0.0,True
transformer,86,131,drift_ramp,182.0752846677721,22.52,0.0,True
transformer,87,131,drift_ramp,182.0752846677721,24.35,0.0,True
transformer,88,131,drift_ramp,182.0752846677721,30.78,0.0,True
transformer,89,131,drift_ramp,182.0752846677721,37.9,0.0,True
transformer,90,131,drift_ramp,182.0752846677721,44.49,0.0,True
transformer,91,131,drift_ramp,182.0752846677721,50.6,0.0,True
transformer,92,131,drift_ramp,182.0752846677721,57.410000000000004,0.0,True
transformer,93,131,drift_ramp,182.0752846677721,65.4,0.0,True
transformer,94,162,takeover_step,14.91515823592874,2.85,0.0,True
transformer,95,162,takeover_step,14.91515823592874,7.22,0.0,True
transformer,96,162,takeover_step,14.91515823592874,12.5,0.0,True
transformer,97,162,takeover_step,14.91515823592874,21.36,6.44484176407126,True
transformer,98,162,takeover_step,14.91515823592874,23.01,8.094841764071262,True
transformer,99,162,takeover_step,14.91515823592874,23.400000000000002,8.484841764071263,True
transformer,100,162,takeover_step,14.91515823592874,35.39,20.47484176407126,True
transformer,101,162,takeover_step,14.91515823592874,36.29,21.37484176407126,True
transformer,102,162,takeover_step,14.91515823592874,39.78,24.86484176407126,True
transformer,103,162,takeover_step,14.91515823592874,40.1,25.184841764071262,True
transformer,104,162,takeover_step,14.91515823592874,46.480000000000004,31.564841764071264,True
transformer,105,162,takeover_step,14.91515823592874,46.62,31.704841764071258,True
transformer,106,162,takeover_step,14.91515823592874,55.08,40.164841764071255,True
transformer,107,162,takeover_step,14.91515823592874,60.93,46.014841764071264,True
transformer,108,165,drift_sigmoid,147.15736833345036,0.89,0.0,True
transformer,109,165,drift_sigmoid,147.15736833345036,3.19,0.0,True
transformer,110,165,drift_sigmoid,147.15736833345036,28.98,0.0,True
transformer,111,165,drift_sigmoid,147.15736833345036,31.240000000000002,0.0,True
transformer,112,165,drift_sigmoid,147.15736833345036,39.27,0.0,True
transformer,113,165,drift_sigmoid,147.15736833345036,41.08,0.0,True
transformer,114,165,drift_sigmoid,147.15736833345036,43.300000000000004,0.0,True
transformer,115,165,drift_sigmoid,147.15736833345036,60.4,0.0,True
transformer,116,169,takeover_ramp,97.420297603735,2.66,0.0,True
transformer,117,169,takeover_ramp,97.420297603735,10.97,0.0,True
transformer,118,169,takeover_ramp,97.420297603735,25.2,0.0,True
transformer,119,179,takeover_step,122.10788111664908,3.5500000000000003,0.0,True
transformer,120,179,takeover_step,122.10788111664908,22.900000000000002,0.0,True
transformer,121,179,takeover_step,122.10788111664908,32.64,0.0,True
transformer,122,179,takeover_step,122.10788111664908,53.29,0.0,True
transformer,123,179,takeover_step,122.10788111664908,62.65,0.0,True
transformer,124,179,takeover_step,122.10788111664908,64.24000000000001,0.0,True
transformer,125,184,drift_ramp,75.24008074312675,11.51,0.0,True
transformer,126,184,drift_ramp,75.24008074312675,18.51,0.0,True
transformer,127,184,drift_ramp,75.24008074312675,24.61,0.0,True
transformer,128,184,drift_ramp,75.24008074312675,25.21,0.0,True
transformer,129,184,drift_ramp,75.24008074312675,25.59,0.0,True
transformer,130,184,drift_ramp,75.24008074312675,30.46,0.0,True
transformer,131,184,drift_ramp,75.24008074312675,41.85,0.0,True
transformer,132,184,drift_ramp,75.24008074312675,49.75,0.0,True
transformer,133,184,drift_ramp,75.24008074312675,61.870000000000005,0.0,True
transformer,134,192,drift_sigmoid,79.2016227542393,8.91,0.0,True
transformer,135,192,drift_sigmoid,79.2016227542393,32.84,0.0,True
transformer,136,192,drift_sigmoid,79.2016227542393,33.09,0.0,True
transformer,137,192,drift_sigmoid,79.2016227542393,39.410000000000004,0.0,True
transformer,138,192,drift_sigmoid,79.2016227542393,39.730000000000004,0.0,True
transformer,139,193,takeover_ramp,40.23553773066088,4.2,0.0,True
transformer,140,193,takeover_ramp,40.23553773066088,4.73,0.0,True
transformer,141,193,takeover_ramp,40.23553773066088,9.33,0.0,True
transformer,142,193,takeover_ramp,40.23553773066088,13.34,0.0,True
transformer,143,193,takeover_ramp,40.23553773066088,15.66,0.0,True
transformer,144,193,takeover_ramp,40.23553773066088,24.04,0.0,True
transformer,145,193,takeover_ramp,40.23553773066088,24.490000000000002,0.0,True
transformer,146,193,takeover_ramp,40.23553773066088,34.37,0.0,True
transformer,147,193,takeover_ramp,40.23553773066088,43.75,3.51446226933912,True
transformer,148,193,takeover_ramp,40.23553773066088,44.99,4.754462269339122,True
transformer,149,193,takeover_ramp,40.23553773066088,49.730000000000004,9.494462269339124,True
transformer,150,193,takeover_ramp,40.23553773066088,56.65,16.41446226933912,True
transformer,151,193,takeover_ramp,40.23553773066088,59.18,18.94446226933912,True
transformer,152,193,takeover_ramp,40.23553773066088,64.83,24.594462269339118,True
transformer,153,197,drift_sigmoid,115.19058430867968,27.88,0.0,True
transformer,154,212,drift_sigmoid,79.90523467535208,0.51,0.0,True
transformer,155,212,drift_sigmoid,79.90523467535208,4.13,0.0,True
transformer,156,212,drift_sigmoid,79.90523467535208,14.13,0.0,True
transformer,157,212,drift_sigmoid,79.90523467535208,14.31,,False
transformer,158,212,drift_sigmoid,79.90523467535208,30.34,0.0,True
transformer,159,212,drift_sigmoid,79.90523467535208,38.88,,False
transformer,160,221,takeover_step,10.536360647437668,2.14,0.0,True
transformer,161,221,takeover_step,10.536360647437668,12.09,1.5536393525623318,True
transformer,162,221,takeover_step,10.536360647437668,14.040000000000001,3.503639352562333,True
transformer,163,221,takeover_step,10.536360647437668,28.0,17.463639352562332,True
transformer,164,221,takeover_step,10.536360647437668,41.49,30.953639352562334,True
transformer,165,221,takeover_step,10.536360647437668,50.2,39.663639352562335,True
transformer,166,221,takeover_step,10.536360647437668,55.56,45.023639352562334,True
transformer,167,221,takeover_step,10.536360647437668,62.980000000000004,52.443639352562336,True
transformer,168,221,takeover_step,10.536360647437668,67.55,57.01363935256233,True
transformer,169,224,takeover_step,93.79210260555344,6.59,0.0,True
transformer,170,224,takeover_step,93.79210260555344,7.91,0.0,True
transformer,171,224,takeover_step,93.79210260555344,9.72,0.0,True
transformer,172,224,takeover_step,93.79210260555344,18.71,0.0,True
transformer,173,224,takeover_step,93.79210260555344,26.39,0.0,True
transformer,174,224,takeover_step,93.79210260555344,32.660000000000004,0.0,True
transformer,175,224,takeover_step,93.79210260555344,41.81,0.0,True
transformer,176,224,takeover_step,93.79210260555344,48.120000000000005,0.0,True
transformer,177,224,takeover_step,93.79210260555344,55.64,0.0,True
transformer,178,224,takeover_step,93.79210260555344,59.78,0.0,True
transformer,179,224,takeover_step,93.79210260555344,63.63,0.0,True
transformer,180,224,takeover_step,93.79210260555344,66.93,0.0,True
transformer,181,233,delay,149.85146211197676,29.03,0.0,True
transformer,182,233,delay,149.85146211197676,60.0,0.0,True
transformer,183,243,step,127.99537316243467,3.85,0.0,True
transformer,184,243,step,127.99537316243467,7.69,0.0,True
transformer,185,243,step,127.99537316243467,11.32,0.0,True
transformer,186,243,step,127.99537316243467,18.41,0.0,True
transformer,187,243,step,127.99537316243467,34.58,0.0,True
transformer,188,243,step,127.99537316243467,40.78,0.0,True
transformer,189,243,step,127.99537316243467,53.59,0.0,True
transformer,190,243,step,127.99537316243467,58.0,0.0,True
transformer,191,254,drift_ramp,94.5062250126336,12.85,0.0,True
transformer,192,254,drift_ramp,94.5062250126336,31.48,0.0,True
transformer,193,254,drift_ramp,94.5062250126336,36.06,0.0,True
transformer,194,254,drift_ramp,94.5062250126336,60.84,0.0,True
transformer,195,258,drift_sigmoid,128.36090134328924,16.580000000000002,0.0,True
transformer,196,258,drift_sigmoid,128.36090134328924,51.17,0.0,True
transformer,197,264,delay,123.6817420350072,32.81,0.0,True
transformer,198,264,delay,123.6817420350072,63.95,0.0,True
transformer,199,264,delay,123.6817420350072,67.69,0.0,True
transformer,200,264,delay,123.6817420350072,68.79,0.0,True
transformer,201,276,takeover_step,113.5829416248078,27.12,0.0,True
transformer,202,279,drift_ramp,90.42971961610978,31.59,0.0,True
transformer,203,279,drift_ramp,90.42971961610978,32.39,0.0,True
transformer,204,279,drift_ramp,90.42971961610978,49.72,0.0,True
transformer,205,279,drift_ramp,90.42971961610978,58.120000000000005,0.0,True
transformer,206,279,drift_ramp,90.42971961610978,58.7,0.0,True
transformer,207,279,drift_ramp,90.42971961610978,60.59,0.0,True
transformer,208,279,drift_ramp,90.42971961610978,61.26,0.0,True
transformer,209,279,drift_ramp,90.42971961610978,64.97,0.0,True
